{"Mean":{"confidence_interval":{"confidence_level":0.95,"lower_bound":6049896.9392644879,"upper_bound":6524125.6504990239},"point_estimate":6297412.828965783,"standard_error":121320.13548868898},"Median":{"confidence_interval":{"confidence_level":0.95,"lower_bound":6389518.852413793,"upper_bound":6832231.390625},"point_estimate":6520975.728282828,"standard_error":105086.0966028229},"MedianAbsDev":{"confidence_interval":{"confidence_level":0.95,"lower_bound":600044.3754270114,"upper_bound":1056459.5063342427},"point_estimate":739495.8552167793,"standard_error":117523.08993639726},"Slope":{"confidence_interval":{"confidence_level":0.95,"lower_bound":6974052.85976477,"upper_bound":7145637.73612144},"point_estimate":7068237.5946889319,"standard_error":43798.930739424984},"StdDev":{"confidence_interval":{"confidence_level":0.95,"lower_bound":931823.6534819029,"upper_bound":1450162.1493374145},"point_estimate":1217031.7547679498,"standard_error":132732.76788641068}}