{"Mean":{"confidence_interval":{"confidence_level":0.95,"lower_bound":124.070751170523,"upper_bound":129.0695760180763},"point_estimate":126.38532717618767,"standard_error":1.2772551877078098},"Median":{"confidence_interval":{"confidence_level":0.95,"lower_bound":120.77856057340338,"upper_bound":124.25535425945313},"point_estimate":122.54830174880378,"standard_error":1.032240207622405},"MedianAbsDev":{"confidence_interval":{"confidence_level":0.95,"lower_bound":4.224827658427263,"upper_bound":8.58559288934365},"point_estimate":6.476205934628973,"standard_error":1.1112717275438609},"Slope":{"confidence_interval":{"confidence_level":0.95,"lower_bound":120.55289354320819,"upper_bound":122.49397769232349},"point_estimate":121.47486767094,"standard_error":0.4955497907663398},"StdDev":{"confidence_interval":{"confidence_level":0.95,"lower_bound":7.880046120574725,"upper_bound":17.465161407668857},"point_estimate":12.807119832360364,"standard_error":2.4923324740169736}}