{"Mean":{"confidence_interval":{"confidence_level":0.95,"lower_bound":63299.11770173518,"upper_bound":64007.473454281186},"point_estimate":63650.35989485811,"standard_error":180.5855240410897},"Median":{"confidence_interval":{"confidence_level":0.95,"lower_bound":63012.79405737705,"upper_bound":63812.01875},"point_estimate":63472.31971153846,"standard_error":223.97378108666127},"MedianAbsDev":{"confidence_interval":{"confidence_level":0.95,"lower_bound":1562.0714447427982,"upper_bound":2672.5833902944066},"point_estimate":2102.0925220511778,"standard_error":286.75568717119929},"Slope":{"confidence_interval":{"confidence_level":0.95,"lower_bound":63127.530659596836,"upper_bound":63976.98394533917},"point_estimate":63553.7793782326,"standard_error":217.38041742441752},"StdDev":{"confidence_interval":{"confidence_level":0.95,"lower_bound":1610.3348000878232,"upper_bound":1992.6116718847848},"point_estimate":1816.84053667161,"standard_error":97.3500692398798}}