{"Mean":{"confidence_interval":{"confidence_level":0.95,"lower_bound":1589082.158439142,"upper_bound":1656382.1657955836},"point_estimate":1620712.3917496033,"standard_error":17210.610650713905},"Median":{"confidence_interval":{"confidence_level":0.95,"lower_bound":1539748.3731343284,"upper_bound":1568771.6857142859},"point_estimate":1547097.8067861717,"standard_error":8619.06533645854},"MedianAbsDev":{"confidence_interval":{"confidence_level":0.95,"lower_bound":28294.48995098223,"upper_bound":64390.50332209951},"point_estimate":37847.53133261737,"standard_error":9986.244690549642},"Slope":{"confidence_interval":{"confidence_level":0.95,"lower_bound":1532097.9201625426,"upper_bound":1561608.0693561687},"point_estimate":1542740.001223585,"standard_error":7935.564121392591},"StdDev":{"confidence_interval":{"confidence_level":0.95,"lower_bound":119117.17526874526,"upper_bound":219122.67470769608},"point_estimate":173731.25265410133,"standard_error":25537.46468275704}}