{"Mean":{"confidence_interval":{"confidence_level":0.95,"lower_bound":33912.23355970771,"upper_bound":34631.43042414675},"point_estimate":34274.002777287846,"standard_error":183.87450711438226},"Median":{"confidence_interval":{"confidence_level":0.95,"lower_bound":33648.34781144781,"upper_bound":35034.396577380954},"point_estimate":34305.63869281046,"standard_error":411.8624368184636},"MedianAbsDev":{"confidence_interval":{"confidence_level":0.95,"lower_bound":1732.9275844711124,"upper_bound":2672.323262039964},"point_estimate":2102.604047632111,"standard_error":239.0982075641913},"Slope":{"confidence_interval":{"confidence_level":0.95,"lower_bound":34189.85119316829,"upper_bound":34988.558012513444},"point_estimate":34603.469063198856,"standard_error":203.49536377242019},"StdDev":{"confidence_interval":{"confidence_level":0.95,"lower_bound":1638.6802207964216,"upper_bound":2036.0789836812997},"point_estimate":1848.2410363553796,"standard_error":100.94962578778189}}