{"Mean":{"confidence_interval":{"confidence_level":0.95,"lower_bound":1411188.2447267299,"upper_bound":1463664.5346595243},"point_estimate":1436096.4945018418,"standard_error":13423.936109562954},"Median":{"confidence_interval":{"confidence_level":0.95,"lower_bound":1382213.7294417769,"upper_bound":1413602.8333333333},"point_estimate":1398970.2588888889,"standard_error":8583.27305141715},"MedianAbsDev":{"confidence_interval":{"confidence_level":0.95,"lower_bound":50547.79467786906,"upper_bound":95274.55754999032},"point_estimate":66738.68575256816,"standard_error":10808.772924093904},"Slope":{"confidence_interval":{"confidence_level":0.95,"lower_bound":1358473.1341574409,"upper_bound":1378124.6115568258},"point_estimate":1367925.952102852,"standard_error":5015.716327116441},"StdDev":{"confidence_interval":{"confidence_level":0.95,"lower_bound":97397.10033902699,"upper_bound":169802.97282556128},"point_estimate":135150.4157692443,"standard_error":18608.74621598736}}