{"Mean":{"confidence_interval":{"confidence_level":0.95,"lower_bound":162553.19879791016,"upper_bound":164908.12224308408},"point_estimate":163669.3301583845,"standard_error":599.9956351908267},"Median":{"confidence_interval":{"confidence_level":0.95,"lower_bound":161973.556122449,"upper_bound":163538.33630952383},"point_estimate":163042.79946926857,"standard_error":377.10553109740456},"MedianAbsDev":{"confidence_interval":{"confidence_level":0.95,"lower_bound":2562.463683104104,"upper_bound":4370.063155380308},"point_estimate":3587.7426534249559,"standard_error":467.31440537091518},"Slope":{"confidence_interval":{"confidence_level":0.95,"lower_bound":162251.56919839144,"upper_bound":163592.10301873968},"point_estimate":162900.4391141886,"standard_error":341.00707154345448},"StdDev":{"confidence_interval":{"confidence_level":0.95,"lower_bound":4030.970491793678,"upper_bound":7826.036193801573},"point_estimate":6013.546920877082,"standard_error":975.4847378764646}}