{"Mean":{"confidence_interval":{"confidence_level":0.95,"lower_bound":223551.20231489669,"upper_bound":233321.55167065777},"point_estimate":228165.17422802258,"standard_error":2492.7104481695648},"Median":{"confidence_interval":{"confidence_level":0.95,"lower_bound":217947.96171679197,"upper_bound":222835.34444444444},"point_estimate":220082.18714036619,"standard_error":1230.667854456451},"MedianAbsDev":{"confidence_interval":{"confidence_level":0.95,"lower_bound":7664.7821553012149,"upper_bound":13668.762473183504},"point_estimate":10318.187725841135,"standard_error":1541.5641829615468},"Slope":{"confidence_interval":{"confidence_level":0.95,"lower_bound":215113.34646658583,"upper_bound":223528.95240646439},"point_estimate":218541.07879533029,"standard_error":2195.2268088591824},"StdDev":{"confidence_interval":{"confidence_level":0.95,"lower_bound":18170.61553406204,"upper_bound":31089.904240338943},"point_estimate":25104.55906260356,"standard_error":3309.3172248970079}}