{"Mean":{"confidence_interval":{"confidence_level":0.95,"lower_bound":225266.85223624193,"upper_bound":235368.80470861594},"point_estimate":230087.9443174774,"standard_error":2580.422218355444},"Median":{"confidence_interval":{"confidence_level":0.95,"lower_bound":218515.96472636815,"upper_bound":225527.3403508772},"point_estimate":220640.14042194093,"standard_error":1651.9499800555539},"MedianAbsDev":{"confidence_interval":{"confidence_level":0.95,"lower_bound":8636.872212454335,"upper_bound":16425.1628608566},"point_estimate":11076.198090266953,"standard_error":2143.414053633523},"Slope":{"confidence_interval":{"confidence_level":0.95,"lower_bound":216268.49943837609,"upper_bound":219958.4928626809},"point_estimate":218006.25650775824,"standard_error":940.6726266618919},"StdDev":{"confidence_interval":{"confidence_level":0.95,"lower_bound":18871.321674347946,"upper_bound":31561.060924049423},"point_estimate":25787.37545691551,"standard_error":3242.548643759502}}