{"Mean":{"confidence_interval":{"confidence_level":0.95,"lower_bound":1285603.6580612006,"upper_bound":1329361.7592688434},"point_estimate":1305705.665415409,"standard_error":11209.57045520702},"Median":{"confidence_interval":{"confidence_level":0.95,"lower_bound":1260993.175257732,"upper_bound":1279101.5},"point_estimate":1269033.102097378,"standard_error":4278.40643493981},"MedianAbsDev":{"confidence_interval":{"confidence_level":0.95,"lower_bound":25001.425035791086,"upper_bound":50722.37975015475},"point_estimate":37121.61151615742,"standard_error":6771.76379273836},"Slope":{"confidence_interval":{"confidence_level":0.95,"lower_bound":1257521.7169102207,"upper_bound":1268811.0109222304},"point_estimate":1262907.8294340182,"standard_error":2880.58230832649},"StdDev":{"confidence_interval":{"confidence_level":0.95,"lower_bound":67392.81171934697,"upper_bound":152537.75611582778},"point_estimate":112642.31724924974,"standard_error":21916.9539809528}}