{"Mean":{"confidence_interval":{"confidence_level":0.95,"lower_bound":997.6337166662586,"upper_bound":1031.8071395876546},"point_estimate":1013.740496659074,"standard_error":8.71148036170144},"Median":{"confidence_interval":{"confidence_level":0.95,"lower_bound":974.856449460017,"upper_bound":996.6501381978994},"point_estimate":984.9218311390202,"standard_error":4.309660876990111},"MedianAbsDev":{"confidence_interval":{"confidence_level":0.95,"lower_bound":28.01077916535993,"upper_bound":53.7521125849674},"point_estimate":38.68752376032975,"standard_error":6.3896141886528519},"Slope":{"confidence_interval":{"confidence_level":0.95,"lower_bound":974.5891513927318,"upper_bound":991.2811245471564},"point_estimate":982.3635640505909,"standard_error":4.272092232668962},"StdDev":{"confidence_interval":{"confidence_level":0.95,"lower_bound":60.30328322041771,"upper_bound":112.3059358409582},"point_estimate":87.65029692305026,"standard_error":13.336559760297769}}