{"Mean":{"confidence_interval":{"confidence_level":0.95,"lower_bound":38298.695030925395,"upper_bound":38937.284243966045},"point_estimate":38615.23675391579,"standard_error":163.0047167131465},"Median":{"confidence_interval":{"confidence_level":0.95,"lower_bound":38015.45054945055,"upper_bound":39213.822874493926},"point_estimate":38611.55200511138,"standard_error":269.04343496485248},"MedianAbsDev":{"confidence_interval":{"confidence_level":0.95,"lower_bound":1375.4159641909533,"upper_bound":2157.159663702773},"point_estimate":1668.5213367239767,"standard_error":195.09107819367649},"Slope":{"confidence_interval":{"confidence_level":0.95,"lower_bound":38693.74743364532,"upper_bound":39371.37066336639},"point_estimate":39034.9271164361,"standard_error":173.028289415077},"StdDev":{"confidence_interval":{"confidence_level":0.95,"lower_bound":1425.6670632832957,"upper_bound":1816.0196252979993},"point_estimate":1632.1369474181218,"standard_error":99.30394521142856}}