{"Mean":{"confidence_interval":{"confidence_level":0.95,"lower_bound":124.33530691027316,"upper_bound":129.35003029310216},"point_estimate":126.55991324328613,"standard_error":1.2879640332576943},"Median":{"confidence_interval":{"confidence_level":0.95,"lower_bound":121.74502067595525,"upper_bound":124.61806433278099},"point_estimate":123.66508501945703,"standard_error":0.6904671715309255},"MedianAbsDev":{"confidence_interval":{"confidence_level":0.95,"lower_bound":4.007562321317655,"upper_bound":7.219626486026171},"point_estimate":5.98707722702904,"standard_error":0.8156114726072978},"Slope":{"confidence_interval":{"confidence_level":0.95,"lower_bound":121.4558927823724,"upper_bound":123.06357811713548},"point_estimate":122.20821195795188,"standard_error":0.4099791495585457},"StdDev":{"confidence_interval":{"confidence_level":0.95,"lower_bound":6.40846044019027,"upper_bound":19.2918408402208},"point_estimate":12.971346479781817,"standard_error":3.5666969571930644}}