{"Mean":{"confidence_interval":{"confidence_level":0.95,"lower_bound":161672.58831234513,"upper_bound":170944.91518579686},"point_estimate":165867.32813015014,"standard_error":2384.6975108643966},"Median":{"confidence_interval":{"confidence_level":0.95,"lower_bound":158656.80482897385,"upper_bound":164065.2021978022},"point_estimate":161529.49893609217,"standard_error":1499.066244819947},"MedianAbsDev":{"confidence_interval":{"confidence_level":0.95,"lower_bound":7558.796391713068,"upper_bound":12849.79769157636},"point_estimate":10936.322564475298,"standard_error":1356.6821903362457},"Slope":{"confidence_interval":{"confidence_level":0.95,"lower_bound":154894.156772528,"upper_bound":159658.50796161028},"point_estimate":157260.55482488549,"standard_error":1210.3026066886203},"StdDev":{"confidence_interval":{"confidence_level":0.95,"lower_bound":12491.747858267647,"upper_bound":33372.723468243435},"point_estimate":23955.94731047915,"standard_error":5332.1369766709199}}