{"Mean":{"confidence_interval":{"confidence_level":0.95,"lower_bound":119413.52044361652,"upper_bound":127106.7679266218},"point_estimate":122576.09486644874,"standard_error":2000.7915780050315},"Median":{"confidence_interval":{"confidence_level":0.95,"lower_bound":117494.6975308642,"upper_bound":119702.74629629629},"point_estimate":118363.61962632275,"standard_error":542.1354452443849},"MedianAbsDev":{"confidence_interval":{"confidence_level":0.95,"lower_bound":3132.4857348864568,"upper_bound":5574.615955554802},"point_estimate":4149.865151094887,"standard_error":602.3426118865145},"Slope":{"confidence_interval":{"confidence_level":0.95,"lower_bound":117152.78642426688,"upper_bound":129837.91386572698},"point_estimate":121730.54691985616,"standard_error":3490.1148747048434},"StdDev":{"confidence_interval":{"confidence_level":0.95,"lower_bound":6899.127452131794,"upper_bound":32054.30113811496},"point_estimate":20092.98612670261,"standard_error":7616.504772210953}}