{"Mean":{"confidence_interval":{"confidence_level":0.95,"lower_bound":142137.2227544781,"upper_bound":146732.40991386414},"point_estimate":144253.46887439534,"standard_error":1177.033688626323},"Median":{"confidence_interval":{"confidence_level":0.95,"lower_bound":140160.89692585896,"upper_bound":141356.68791208793},"point_estimate":140724.60807615729,"standard_error":312.35282216982787},"MedianAbsDev":{"confidence_interval":{"confidence_level":0.95,"lower_bound":2679.015820479882,"upper_bound":4474.41116643197},"point_estimate":3649.525663521456,"standard_error":455.11366405336448},"Slope":{"confidence_interval":{"confidence_level":0.95,"lower_bound":139017.15481769306,"upper_bound":140397.433731082},"point_estimate":139679.05943507359,"standard_error":350.0934206946463},"StdDev":{"confidence_interval":{"confidence_level":0.95,"lower_bound":7320.040297238173,"upper_bound":15917.044101089245},"point_estimate":11852.090588202707,"standard_error":2219.1427120491077}}