{"Mean":{"confidence_interval":{"confidence_level":0.95,"lower_bound":5824029.58057234,"upper_bound":6298457.082070576},"point_estimate":6071344.148470241,"standard_error":121386.91635382475},"Median":{"confidence_interval":{"confidence_level":0.95,"lower_bound":6134541.993131869,"upper_bound":6544437.724444444},"point_estimate":6307593.527429467,"standard_error":103382.73532535373},"MedianAbsDev":{"confidence_interval":{"confidence_level":0.95,"lower_bound":625304.3740878592,"upper_bound":1124277.4185848609},"point_estimate":849404.3591805424,"standard_error":125805.92742375875},"Slope":{"confidence_interval":{"confidence_level":0.95,"lower_bound":6759040.778770879,"upper_bound":6943100.629079334},"point_estimate":6860577.334951973,"standard_error":46954.52906721112},"StdDev":{"confidence_interval":{"confidence_level":0.95,"lower_bound":951503.9054243544,"upper_bound":1437711.2727021015},"point_estimate":1219008.0196864454,"standard_error":124347.91034527138}}