{"Mean":{"confidence_interval":{"confidence_level":0.95,"lower_bound":585388.0916357992,"upper_bound":609679.8134444461},"point_estimate":596299.3080704965,"standard_error":6208.103364432314},"Median":{"confidence_interval":{"confidence_level":0.95,"lower_bound":591831.9642857143,"upper_bound":602117.0303030303},"point_estimate":596951.0173745174,"standard_error":2713.3216884292517},"MedianAbsDev":{"confidence_interval":{"confidence_level":0.95,"lower_bound":12312.852939095435,"upper_bound":23396.377699974495},"point_estimate":18530.17279516947,"standard_error":2757.429702200626},"Slope":{"confidence_interval":{"confidence_level":0.95,"lower_bound":604864.8983903255,"upper_bound":629469.3625243453},"point_estimate":615099.7407270578,"standard_error":6378.4673591405039},"StdDev":{"confidence_interval":{"confidence_level":0.95,"lower_bound":34525.12595298366,"upper_bound":91601.96804624936},"point_estimate":62230.431405136726,"standard_error":16527.389085143728}}