{"Mean":{"confidence_interval":{"confidence_level":0.95,"lower_bound":15015.5936979577,"upper_bound":15495.085864233271},"point_estimate":15230.003013253061,"standard_error":122.91407561112607},"Median":{"confidence_interval":{"confidence_level":0.95,"lower_bound":14828.259641873277,"upper_bound":15150.578634445723},"point_estimate":14945.103367003367,"standard_error":87.7275836099825},"MedianAbsDev":{"confidence_interval":{"confidence_level":0.95,"lower_bound":453.1356089249325,"upper_bound":757.8727946936581},"point_estimate":636.4156065464829,"standard_error":77.01094966863991},"Slope":{"confidence_interval":{"confidence_level":0.95,"lower_bound":14783.955388838178,"upper_bound":14990.976882529949},"point_estimate":14885.634733219591,"standard_error":52.75422055477489},"StdDev":{"confidence_interval":{"confidence_level":0.95,"lower_bound":661.3479669222735,"upper_bound":1818.5011709088433},"point_estimate":1237.3122648221129,"standard_error":328.0042383705936}}