{"Mean":{"confidence_interval":{"confidence_level":0.95,"lower_bound":366922.95184803506,"upper_bound":384059.13194197349},"point_estimate":374384.4568025368,"standard_error":4407.762697068823},"Median":{"confidence_interval":{"confidence_level":0.95,"lower_bound":362031.14414003046,"upper_bound":369534.783146592},"point_estimate":365494.06729797986,"standard_error":2097.251510220669},"MedianAbsDev":{"confidence_interval":{"confidence_level":0.95,"lower_bound":10279.146164394893,"upper_bound":16409.575750894048},"point_estimate":12740.634080045862,"standard_error":1567.9720961930378},"Slope":{"confidence_interval":{"confidence_level":0.95,"lower_bound":363181.4582504516,"upper_bound":371286.3240680128},"point_estimate":366871.2288143441,"standard_error":2066.9318810847846},"StdDev":{"confidence_interval":{"confidence_level":0.95,"lower_bound":19131.68963501956,"upper_bound":66778.70969601213},"point_estimate":44282.27235686965,"standard_error":12841.706515340453}}