{"Mean":{"confidence_interval":{"confidence_level":0.95,"lower_bound":1149542.8310314522,"upper_bound":1190740.1008697684},"point_estimate":1170734.99377676,"standard_error":10556.78222244859},"Median":{"confidence_interval":{"confidence_level":0.95,"lower_bound":1182178.4545454547,"upper_bound":1220924.5256410258},"point_estimate":1201142.5231990233,"standard_error":9284.504610689266},"MedianAbsDev":{"confidence_interval":{"confidence_level":0.95,"lower_bound":45224.05868006698,"upper_bound":97062.33576318727},"point_estimate":62357.3824685045,"standard_error":13923.622844887303},"Slope":{"confidence_interval":{"confidence_level":0.95,"lower_bound":1205968.1783305354,"upper_bound":1224432.162143189},"point_estimate":1215619.6862568346,"standard_error":4715.974711474836},"StdDev":{"confidence_interval":{"confidence_level":0.95,"lower_bound":84103.29270432989,"upper_bound":126560.53413932641},"point_estimate":106292.1220058414,"standard_error":10825.334546845761}}