{"Mean":{"confidence_interval":{"confidence_level":0.95,"lower_bound":8058.992526451781,"upper_bound":8396.070146237866},"point_estimate":8213.660015142843,"standard_error":86.00703169714378},"Median":{"confidence_interval":{"confidence_level":0.95,"lower_bound":7917.048571428571,"upper_bound":8108.118696969697},"point_estimate":7978.854080246913,"standard_error":48.39496267245282},"MedianAbsDev":{"confidence_interval":{"confidence_level":0.95,"lower_bound":391.8701885858402,"upper_bound":613.838999026179},"point_estimate":467.38200271013798,"standard_error":57.542163112326729},"Slope":{"confidence_interval":{"confidence_level":0.95,"lower_bound":7868.528702827345,"upper_bound":7988.837656151614},"point_estimate":7926.62361769765,"standard_error":30.587330998100425},"StdDev":{"confidence_interval":{"confidence_level":0.95,"lower_bound":507.3774972770682,"upper_bound":1209.4651456965349},"point_estimate":865.4432170021499,"standard_error":184.5365155056564}}