{"Mean":{"confidence_interval":{"confidence_level":0.95,"lower_bound":369927.8913120553,"upper_bound":383479.73116954046},"point_estimate":376086.7941923862,"standard_error":3470.57174942985},"Median":{"confidence_interval":{"confidence_level":0.95,"lower_bound":365880.27007936508,"upper_bound":371623.8787878788},"point_estimate":367966.019746537,"standard_error":1376.3139826771308},"MedianAbsDev":{"confidence_interval":{"confidence_level":0.95,"lower_bound":8425.201792572367,"upper_bound":15624.168588100561},"point_estimate":11593.004907650562,"standard_error":1829.9549430113048},"Slope":{"confidence_interval":{"confidence_level":0.95,"lower_bound":366238.64594296258,"upper_bound":378836.7568885585},"point_estimate":371412.3641899414,"standard_error":3292.7095529928385},"StdDev":{"confidence_interval":{"confidence_level":0.95,"lower_bound":18290.48193928472,"upper_bound":47947.61988541501},"point_estimate":34911.360183520585,"standard_error":7516.303233759087}}