{"Mean":{"confidence_interval":{"confidence_level":0.95,"lower_bound":17887.478694924142,"upper_bound":18261.472260752158},"point_estimate":18062.10018202378,"standard_error":95.32795737886522},"Median":{"confidence_interval":{"confidence_level":0.95,"lower_bound":17727.3088637963,"upper_bound":18092.97090909091},"point_estimate":17894.063636363637,"standard_error":85.91532125117735},"MedianAbsDev":{"confidence_interval":{"confidence_level":0.95,"lower_bound":492.40013795725727,"upper_bound":891.2989265990148},"point_estimate":695.9866946688318,"standard_error":104.25790668008628},"Slope":{"confidence_interval":{"confidence_level":0.95,"lower_bound":17777.17718389099,"upper_bound":18073.223350062603},"point_estimate":17922.197558311054,"standard_error":75.54951504847904},"StdDev":{"confidence_interval":{"confidence_level":0.95,"lower_bound":651.3091256560601,"upper_bound":1312.164549801022},"point_estimate":955.2227906755084,"standard_error":189.94638963092994}}