{"Mean":{"confidence_interval":{"confidence_level":0.95,"lower_bound":578892.1133452524,"upper_bound":666387.3966217626},"point_estimate":621782.2070230335,"standard_error":22324.933506711317},"Median":{"confidence_interval":{"confidence_level":0.95,"lower_bound":491777.8515563045,"upper_bound":515836.84},"point_estimate":506545.5394968332,"standard_error":7596.400119348332},"MedianAbsDev":{"confidence_interval":{"confidence_level":0.95,"lower_bound":92503.2089658983,"upper_bound":144149.5024614868},"point_estimate":120822.51545936978,"standard_error":14618.83547676288},"Slope":{"confidence_interval":{"confidence_level":0.95,"lower_bound":478288.4608340022,"upper_bound":517354.614968118},"point_estimate":496534.83009753216,"standard_error":9995.838801568265},"StdDev":{"confidence_interval":{"confidence_level":0.95,"lower_bound":199637.71540088519,"upper_bound":240760.18308720937},"point_estimate":223912.17553648598,"standard_error":10563.1759214745}}