{"Mean":{"confidence_interval":{"confidence_level":0.95,"lower_bound":1746449.0446059029,"upper_bound":1812966.0728502356},"point_estimate":1777662.0467806694,"standard_error":17023.57411879862},"Median":{"confidence_interval":{"confidence_level":0.95,"lower_bound":1696607.1166253105,"upper_bound":1732410.4893617023},"point_estimate":1709627.128787879,"standard_error":8986.628743468633},"MedianAbsDev":{"confidence_interval":{"confidence_level":0.95,"lower_bound":39585.77220907213,"upper_bound":82532.37067817869},"point_estimate":55103.344438219225,"standard_error":10877.563964335694},"Slope":{"confidence_interval":{"confidence_level":0.95,"lower_bound":1683319.0449031825,"upper_bound":1732429.1312044245},"point_estimate":1701101.7328446876,"standard_error":13339.915987422488},"StdDev":{"confidence_interval":{"confidence_level":0.95,"lower_bound":121068.62094005264,"upper_bound":212967.46528365997},"point_estimate":171603.24183922134,"standard_error":23493.801601759104}}