{"Mean":{"confidence_interval":{"confidence_level":0.95,"lower_bound":135771.51101939564,"upper_bound":140060.917507554},"point_estimate":137838.6178825513,"standard_error":1094.8218091910204},"Median":{"confidence_interval":{"confidence_level":0.95,"lower_bound":132575.97366071429,"upper_bound":136022.4602363782},"point_estimate":133686.37299107144,"standard_error":869.9874644825935},"MedianAbsDev":{"confidence_interval":{"confidence_level":0.95,"lower_bound":4373.410527653833,"upper_bound":8562.803837707863},"point_estimate":5990.709073069322,"standard_error":1102.4027273670116},"Slope":{"confidence_interval":{"confidence_level":0.95,"lower_bound":131527.2319427789,"upper_bound":133570.01787300647},"point_estimate":132485.10921494015,"standard_error":521.0786532151849},"StdDev":{"confidence_interval":{"confidence_level":0.95,"lower_bound":8457.179724265807,"upper_bound":13194.729150965633},"point_estimate":11056.566996373029,"standard_error":1211.3352780934175}}