{"Mean":{"confidence_interval":{"confidence_level":0.95,"lower_bound":112280.71481004036,"upper_bound":117472.97232412582},"point_estimate":114496.2226227696,"standard_error":1342.6322074943626},"Median":{"confidence_interval":{"confidence_level":0.95,"lower_bound":110853.5191355633,"upper_bound":112840.24534942182},"point_estimate":111844.21108058607,"standard_error":391.8424942031076},"MedianAbsDev":{"confidence_interval":{"confidence_level":0.95,"lower_bound":2910.6475512730537,"upper_bound":5115.813880183902},"point_estimate":3870.1288025036017,"standard_error":539.0694301329136},"Slope":{"confidence_interval":{"confidence_level":0.95,"lower_bound":110474.12417054169,"upper_bound":113496.08215552174},"point_estimate":111835.11993530697,"standard_error":776.8531301005081},"StdDev":{"confidence_interval":{"confidence_level":0.95,"lower_bound":4963.613921138068,"upper_bound":20936.52595030181},"point_estimate":13502.792733988194,"standard_error":4408.470621917859}}