{"Mean":{"confidence_interval":{"confidence_level":0.95,"lower_bound":120003.5230132955,"upper_bound":125146.54015073076},"point_estimate":122348.11492640803,"standard_error":1321.7525071476323},"Median":{"confidence_interval":{"confidence_level":0.95,"lower_bound":117471.65406643757,"upper_bound":120151.95798212005},"point_estimate":118387.94510131219,"standard_error":716.1020106122516},"MedianAbsDev":{"confidence_interval":{"confidence_level":0.95,"lower_bound":4186.33663402891,"upper_bound":7052.62511645753},"point_estimate":5323.334202547777,"standard_error":726.1937951980171},"Slope":{"confidence_interval":{"confidence_level":0.95,"lower_bound":116391.75862437168,"upper_bound":117949.11543716562},"point_estimate":117118.94005714005,"standard_error":397.5285300630369},"StdDev":{"confidence_interval":{"confidence_level":0.95,"lower_bound":7630.342178068976,"upper_bound":18478.429839233595},"point_estimate":13303.222984231788,"standard_error":2810.87379208127}}