{"Mean":{"confidence_interval":{"confidence_level":0.95,"lower_bound":1094358.5316815533,"upper_bound":1210143.637790912},"point_estimate":1144717.6166915794,"standard_error":29792.122007161037},"Median":{"confidence_interval":{"confidence_level":0.95,"lower_bound":1044380.4657534247,"upper_bound":1070389.043478261},"point_estimate":1057056.536776213,"standard_error":7675.201325505773},"MedianAbsDev":{"confidence_interval":{"confidence_level":0.95,"lower_bound":31510.742092350614,"upper_bound":66167.00282100204},"point_estimate":49168.04800765791,"standard_error":9635.250380741507},"Slope":{"confidence_interval":{"confidence_level":0.95,"lower_bound":1036158.0308177797,"upper_bound":1046971.1698709881},"point_estimate":1041006.7447583863,"standard_error":2762.7228144821649},"StdDev":{"confidence_interval":{"confidence_level":0.95,"lower_bound":121979.96526788334,"upper_bound":446189.314779677},"point_estimate":299612.4684992256,"standard_error":84276.34986467412}}