{"Mean":{"confidence_interval":{"confidence_level":0.95,"lower_bound":33926.687811121155,"upper_bound":34574.99799086205},"point_estimate":34251.07440068224,"standard_error":165.53793397805416},"Median":{"confidence_interval":{"confidence_level":0.95,"lower_bound":33622.74567901235,"upper_bound":35002.18797291916},"point_estimate":34409.71645021645,"standard_error":359.4533256390701},"MedianAbsDev":{"confidence_interval":{"confidence_level":0.95,"lower_bound":1651.2537259548038,"upper_bound":2511.2074122049018},"point_estimate":2160.6507132008307,"standard_error":220.10821716899745},"Slope":{"confidence_interval":{"confidence_level":0.95,"lower_bound":34239.2959880806,"upper_bound":35032.35325262717},"point_estimate":34649.284323487074,"standard_error":202.79306520598605},"StdDev":{"confidence_interval":{"confidence_level":0.95,"lower_bound":1506.1882871312876,"upper_bound":1786.8168821612622},"point_estimate":1659.3077177251185,"standard_error":71.65670574399462}}