{"Mean":{"confidence_interval":{"confidence_level":0.95,"lower_bound":74050.69115010667,"upper_bound":75923.70891575644},"point_estimate":74871.1498599161,"standard_error":482.8564534426384},"Median":{"confidence_interval":{"confidence_level":0.95,"lower_bound":73577.27586206897,"upper_bound":74622.81240188383},"point_estimate":74146.98448773449,"standard_error":275.97318198662796},"MedianAbsDev":{"confidence_interval":{"confidence_level":0.95,"lower_bound":1111.9176775940803,"upper_bound":1817.7019351163968},"point_estimate":1319.9483290596418,"standard_error":170.1292040868528},"Slope":{"confidence_interval":{"confidence_level":0.95,"lower_bound":73409.12111195721,"upper_bound":73978.99297835127},"point_estimate":73696.82319006101,"standard_error":145.32870263606305},"StdDev":{"confidence_interval":{"confidence_level":0.95,"lower_bound":1775.4656929502938,"upper_bound":7355.630885365103},"point_estimate":4859.653274063899,"standard_error":1431.2109706641484}}