{"Mean":{"confidence_interval":{"confidence_level":0.95,"lower_bound":1741.6993195641524,"upper_bound":1809.1429970967577},"point_estimate":1772.0992511829953,"standard_error":17.25718340935145},"Median":{"confidence_interval":{"confidence_level":0.95,"lower_bound":1700.4697307494426,"upper_bound":1754.7354141656663},"point_estimate":1730.6439997051453,"standard_error":12.850908248770687},"MedianAbsDev":{"confidence_interval":{"confidence_level":0.95,"lower_bound":70.15571863560476,"upper_bound":122.13159910774871},"point_estimate":103.42099928127573,"standard_error":13.438158804698679},"Slope":{"confidence_interval":{"confidence_level":0.95,"lower_bound":1716.569133831446,"upper_bound":1770.3507922593909},"point_estimate":1742.1856756354678,"standard_error":13.720780850026733},"StdDev":{"confidence_interval":{"confidence_level":0.95,"lower_bound":101.04147283925806,"upper_bound":251.21839525935185},"point_estimate":173.6199004585626,"standard_error":43.656202103455168}}