{"Mean":{"confidence_interval":{"confidence_level":0.95,"lower_bound":1182269.1952594768,"upper_bound":1213689.0976213697},"point_estimate":1197956.8958143495,"standard_error":7974.6025728766439},"Median":{"confidence_interval":{"confidence_level":0.95,"lower_bound":1183203.3539356986,"upper_bound":1217597.238095238},"point_estimate":1202432.153638814,"standard_error":9526.28282627063},"MedianAbsDev":{"confidence_interval":{"confidence_level":0.95,"lower_bound":47459.57918085196,"upper_bound":75293.24260737858},"point_estimate":61415.36437456517,"standard_error":7183.544154975295},"Slope":{"confidence_interval":{"confidence_level":0.95,"lower_bound":1225482.0916128802,"upper_bound":1254623.5871933953},"point_estimate":1240631.1448529629,"standard_error":7423.430726710279},"StdDev":{"confidence_interval":{"confidence_level":0.95,"lower_bound":62560.60089605015,"upper_bound":97957.1775451281},"point_estimate":80233.99943668695,"standard_error":9079.289661471175}}