{"Mean":{"confidence_interval":{"confidence_level":0.95,"lower_bound":255.62841390704097,"upper_bound":266.9692843749114},"point_estimate":260.79928042804888,"standard_error":2.896764938030957},"Median":{"confidence_interval":{"confidence_level":0.95,"lower_bound":248.51079545454545,"upper_bound":259.96218983311379},"point_estimate":256.1423301051242,"standard_error":3.08912624002394},"MedianAbsDev":{"confidence_interval":{"confidence_level":0.95,"lower_bound":12.591045086678374,"upper_bound":21.997559386921805},"point_estimate":17.288374688178185,"standard_error":2.4808470034503795},"Slope":{"confidence_interval":{"confidence_level":0.95,"lower_bound":246.81278600604532,"upper_bound":252.59381096619476},"point_estimate":249.61652755379368,"standard_error":1.473485215834913},"StdDev":{"confidence_interval":{"confidence_level":0.95,"lower_bound":16.931219469662943,"upper_bound":41.44609372544772},"point_estimate":29.196832913773329,"standard_error":6.522991942699499}}