{"Mean":{"confidence_interval":{"confidence_level":0.95,"lower_bound":11119.289953868616,"upper_bound":11612.164209503233},"point_estimate":11363.529813570054,"standard_error":125.99785589127885},"Median":{"confidence_interval":{"confidence_level":0.95,"lower_bound":11284.32007007007,"upper_bound":11858.2250413679},"point_estimate":11592.746039956153,"standard_error":134.21096572527214},"MedianAbsDev":{"confidence_interval":{"confidence_level":0.95,"lower_bound":824.2150087134534,"upper_bound":1700.14342675336},"point_estimate":1230.3490630862989,"standard_error":242.69072463674343},"Slope":{"confidence_interval":{"confidence_level":0.95,"lower_bound":11910.025224795545,"upper_bound":12289.157804591887},"point_estimate":12106.471305660618,"standard_error":96.64229379456383},"StdDev":{"confidence_interval":{"confidence_level":0.95,"lower_bound":1082.47041087431,"upper_bound":1468.8205997078968},"point_estimate":1268.2457811606576,"standard_error":100.13017781650082}}