{"Mean":{"confidence_interval":{"confidence_level":0.95,"lower_bound":1630878.6695399786,"upper_bound":1640992.6790563567},"point_estimate":1636032.1595085848,"standard_error":2575.2961671296955},"Median":{"confidence_interval":{"confidence_level":0.95,"lower_bound":1633117.5595238095,"upper_bound":1643192.8181818182},"point_estimate":1639033.4343886898,"standard_error":2723.5642420773895},"MedianAbsDev":{"confidence_interval":{"confidence_level":0.95,"lower_bound":16064.702654946039,"upper_bound":26527.271397467674},"point_estimate":22873.244693986675,"standard_error":2604.3184721412187},"Slope":{"confidence_interval":{"confidence_level":0.95,"lower_bound":1630625.7823435309,"upper_bound":1638685.3973791179},"point_estimate":1634756.2114053495,"standard_error":2054.686909799095},"StdDev":{"confidence_interval":{"confidence_level":0.95,"lower_bound":20947.93620627764,"upper_bound":30464.158331200877},"point_estimate":25878.428699857774,"standard_error":2441.2472334624728}}