{"Mean":{"confidence_interval":{"confidence_level":0.95,"lower_bound":118413.55680000555,"upper_bound":122746.90773988019},"point_estimate":120423.4356549865,"standard_error":1108.3605394209217},"Median":{"confidence_interval":{"confidence_level":0.95,"lower_bound":116264.36139455781,"upper_bound":118858.05555555556},"point_estimate":117736.73992546005,"standard_error":662.023805013653},"MedianAbsDev":{"confidence_interval":{"confidence_level":0.95,"lower_bound":4225.807990741807,"upper_bound":7373.277735139818},"point_estimate":5726.8689842863209,"standard_error":809.9192138807724},"Slope":{"confidence_interval":{"confidence_level":0.95,"lower_bound":115156.3333616893,"upper_bound":117097.83107663025},"point_estimate":116089.7421683661,"standard_error":494.786368509189},"StdDev":{"confidence_interval":{"confidence_level":0.95,"lower_bound":7228.352605483959,"upper_bound":14783.27712614623},"point_estimate":11131.063132203588,"standard_error":1961.9289475285783}}