{"Mean":{"confidence_interval":{"confidence_level":0.95,"lower_bound":520878.68413861028,"upper_bound":544743.6103131579},"point_estimate":532063.1324707426,"standard_error":6100.730306649175},"Median":{"confidence_interval":{"confidence_level":0.95,"lower_bound":504272.27869565217,"upper_bound":514822.7581450094},"point_estimate":509958.34467992,"standard_error":2589.8523876454567},"MedianAbsDev":{"confidence_interval":{"confidence_level":0.95,"lower_bound":15999.37730207721,"upper_bound":32765.9633926573},"point_estimate":22515.93841157796,"standard_error":4298.665259355837},"Slope":{"confidence_interval":{"confidence_level":0.95,"lower_bound":502669.81235734777,"upper_bound":513344.59820300576},"point_estimate":507637.36021427516,"standard_error":2727.465019298648},"StdDev":{"confidence_interval":{"confidence_level":0.95,"lower_bound":41375.327577993165,"upper_bound":78474.3044766863},"point_estimate":61311.23784733033,"standard_error":9491.305712296486}}