{"Mean":{"confidence_interval":{"confidence_level":0.95,"lower_bound":7979.5769096244,"upper_bound":8337.648610001985},"point_estimate":8142.073452130397,"standard_error":91.37502359408745},"Median":{"confidence_interval":{"confidence_level":0.95,"lower_bound":7763.221971595656,"upper_bound":7936.6301591348769},"point_estimate":7867.666501322752,"standard_error":53.74800007714478},"MedianAbsDev":{"confidence_interval":{"confidence_level":0.95,"lower_bound":278.054120008024,"upper_bound":578.4429144299381},"point_estimate":456.59542846487849,"standard_error":75.09449981439698},"Slope":{"confidence_interval":{"confidence_level":0.95,"lower_bound":7727.391345470535,"upper_bound":7837.537042322342},"point_estimate":7779.084521264494,"standard_error":28.06144968735487},"StdDev":{"confidence_interval":{"confidence_level":0.95,"lower_bound":538.4079601516831,"upper_bound":1306.5380995508625},"point_estimate":918.9770670299595,"standard_error":206.69739701540758}}