{"Mean":{"confidence_interval":{"confidence_level":0.95,"lower_bound":1450177.5560508155,"upper_bound":1489977.822944121},"point_estimate":1468792.5525641584,"standard_error":10139.606866449247},"Median":{"confidence_interval":{"confidence_level":0.95,"lower_bound":1425824.6818181819,"upper_bound":1449618.0379105523},"point_estimate":1436096.9679162447,"standard_error":4971.761029816988},"MedianAbsDev":{"confidence_interval":{"confidence_level":0.95,"lower_bound":34890.60389528016,"upper_bound":60312.25540698538},"point_estimate":47789.41305493183,"standard_error":6578.696705034122},"Slope":{"confidence_interval":{"confidence_level":0.95,"lower_bound":1418781.300778285,"upper_bound":1431025.2812225994},"point_estimate":1424563.702441259,"standard_error":3114.522359973965},"StdDev":{"confidence_interval":{"confidence_level":0.95,"lower_bound":71539.6432343275,"upper_bound":128708.10759917714},"point_estimate":101873.87535434368,"standard_error":14661.38031414685}}