{"Mean":{"confidence_interval":{"confidence_level":0.95,"lower_bound":1913.2524123985523,"upper_bound":1974.800996409879},"point_estimate":1940.5606487085286,"standard_error":15.78436711363859},"Median":{"confidence_interval":{"confidence_level":0.95,"lower_bound":1877.0746260263189,"upper_bound":1917.6547976743278},"point_estimate":1898.5283742445925,"standard_error":10.601063180224579},"MedianAbsDev":{"confidence_interval":{"confidence_level":0.95,"lower_bound":52.490693677714208,"upper_bound":93.89614678357097},"point_estimate":74.25451355656667,"standard_error":10.125196179932896},"Slope":{"confidence_interval":{"confidence_level":0.95,"lower_bound":1864.36471100116,"upper_bound":1894.192795938877},"point_estimate":1878.4354442561062,"standard_error":7.591677165167374},"StdDev":{"confidence_interval":{"confidence_level":0.95,"lower_bound":88.39303954116173,"upper_bound":233.66195047035945},"point_estimate":158.7955419819518,"standard_error":43.114063083073649}}