{"Mean":{"confidence_interval":{"confidence_level":0.95,"lower_bound":1363986.8639095554,"upper_bound":1391604.646930953},"point_estimate":1377020.7813187272,"standard_error":7044.038158091124},"Median":{"confidence_interval":{"confidence_level":0.95,"lower_bound":1342238.3829787235,"upper_bound":1372892.8921404682},"point_estimate":1350659.1760982876,"standard_error":7504.902747502451},"MedianAbsDev":{"confidence_interval":{"confidence_level":0.95,"lower_bound":26593.542676148594,"upper_bound":55477.08835475981},"point_estimate":39523.950582850375,"standard_error":7440.349229749261},"Slope":{"confidence_interval":{"confidence_level":0.95,"lower_bound":1344205.9795687663,"upper_bound":1360796.6901125299},"point_estimate":1352229.4330722625,"standard_error":4235.690078507487},"StdDev":{"confidence_interval":{"confidence_level":0.95,"lower_bound":49206.30799617305,"upper_bound":89929.09667341993},"point_estimate":70546.15799898315,"standard_error":10411.03836801605}}