{"Mean":{"confidence_interval":{"confidence_level":0.95,"lower_bound":454561.9669956074,"upper_bound":506633.04050422998},"point_estimate":480789.0364321273,"standard_error":13250.574524758882},"Median":{"confidence_interval":{"confidence_level":0.95,"lower_bound":483400.0681818182,"upper_bound":552789.5603070175},"point_estimate":523630.406127451,"standard_error":18865.868877497578},"MedianAbsDev":{"confidence_interval":{"confidence_level":0.95,"lower_bound":81805.26361135405,"upper_bound":183764.52411907997},"point_estimate":117631.38237604108,"standard_error":26316.709559790153},"Slope":{"confidence_interval":{"confidence_level":0.95,"lower_bound":564941.5640232446,"upper_bound":589728.1816002106},"point_estimate":578316.2897960692,"standard_error":6330.786015391039},"StdDev":{"confidence_interval":{"confidence_level":0.95,"lower_bound":120661.18328824689,"upper_bound":143406.3031810158},"point_estimate":133572.10573947448,"standard_error":5790.800703500657}}