{"Mean":{"confidence_interval":{"confidence_level":0.95,"lower_bound":10584.955551053965,"upper_bound":10907.88341601997},"point_estimate":10731.015125353048,"standard_error":82.48546716887563},"Median":{"confidence_interval":{"confidence_level":0.95,"lower_bound":10446.466968230592,"upper_bound":10665.117446373712},"point_estimate":10579.409241651207,"standard_error":47.02278202637676},"MedianAbsDev":{"confidence_interval":{"confidence_level":0.95,"lower_bound":316.4823182729411,"upper_bound":565.3047241954748},"point_estimate":414.83394057894767,"standard_error":64.16252409490372},"Slope":{"confidence_interval":{"confidence_level":0.95,"lower_bound":10377.818022511852,"upper_bound":10517.955646711265},"point_estimate":10446.948919667173,"standard_error":35.715060589218058},"StdDev":{"confidence_interval":{"confidence_level":0.95,"lower_bound":485.0772742201794,"upper_bound":1186.7015153535488},"point_estimate":827.2435433300288,"standard_error":199.49234258072893}}