{"Mean":{"confidence_interval":{"confidence_level":0.95,"lower_bound":6402.088647031781,"upper_bound":6647.260794064367},"point_estimate":6519.857478917669,"standard_error":62.73039257007768},"Median":{"confidence_interval":{"confidence_level":0.95,"lower_bound":6165.399481391092,"upper_bound":6442.667438093034},"point_estimate":6242.518560641921,"standard_error":78.11370396059093},"MedianAbsDev":{"confidence_interval":{"confidence_level":0.95,"lower_bound":247.23502407890497,"upper_bound":554.7451068119164},"point_estimate":358.8458785580652,"standard_error":83.0307262470634},"Slope":{"confidence_interval":{"confidence_level":0.95,"lower_bound":6252.363943032545,"upper_bound":6506.649690498242},"point_estimate":6368.667418175254,"standard_error":65.02273587142281},"StdDev":{"confidence_interval":{"confidence_level":0.95,"lower_bound":487.76098934885916,"upper_bound":760.0922878898641},"point_estimate":630.9201296135766,"standard_error":69.89207108714145}}