{"Mean":{"confidence_interval":{"confidence_level":0.95,"lower_bound":160441.84201946579,"upper_bound":171057.00216904845},"point_estimate":165167.07021004192,"standard_error":2731.530297854819},"Median":{"confidence_interval":{"confidence_level":0.95,"lower_bound":159687.1349206349,"upper_bound":163122.17724867725},"point_estimate":161516.5186425922,"standard_error":921.56922361073},"MedianAbsDev":{"confidence_interval":{"confidence_level":0.95,"lower_bound":7095.470454568718,"upper_bound":14097.466999996619},"point_estimate":11017.913084330197,"standard_error":1803.4393562435303},"Slope":{"confidence_interval":{"confidence_level":0.95,"lower_bound":153520.75777470805,"upper_bound":157673.3221129259},"point_estimate":155547.5041031054,"standard_error":1055.4309600271977},"StdDev":{"confidence_interval":{"confidence_level":0.95,"lower_bound":11195.294913986776,"upper_bound":39759.81019347786},"point_estimate":27480.63773201206,"standard_error":7206.8647300826319}}