{"Mean":{"confidence_interval":{"confidence_level":0.95,"lower_bound":1568.6672878618443,"upper_bound":1626.9257225616817},"point_estimate":1596.3151618488137,"standard_error":14.867730214709609},"Median":{"confidence_interval":{"confidence_level":0.95,"lower_bound":1537.7813754245138,"upper_bound":1574.660748810232},"point_estimate":1559.9484257591158,"standard_error":10.132231987473343},"MedianAbsDev":{"confidence_interval":{"confidence_level":0.95,"lower_bound":68.2615763444675,"upper_bound":121.10471289222873},"point_estimate":95.69044668653962,"standard_error":12.825923738657732},"Slope":{"confidence_interval":{"confidence_level":0.95,"lower_bound":1521.561058425008,"upper_bound":1546.4123722690745},"point_estimate":1533.6858012521312,"standard_error":6.334943671371821},"StdDev":{"confidence_interval":{"confidence_level":0.95,"lower_bound":106.23024605156641,"upper_bound":187.66275300347733},"point_estimate":149.1751292820802,"standard_error":20.870332634935946}}