{"Mean":{"confidence_interval":{"confidence_level":0.95,"lower_bound":5780.557903445878,"upper_bound":5989.823371737296},"point_estimate":5880.924457242776,"standard_error":53.33748695125499},"Median":{"confidence_interval":{"confidence_level":0.95,"lower_bound":5600.669534679543,"upper_bound":5817.692335115865},"point_estimate":5696.440570610266,"standard_error":47.6169644072519},"MedianAbsDev":{"confidence_interval":{"confidence_level":0.95,"lower_bound":232.3485173921722,"upper_bound":462.2850575516931},"point_estimate":351.6786183530434,"standard_error":53.39047431911375},"Slope":{"confidence_interval":{"confidence_level":0.95,"lower_bound":5623.715940750772,"upper_bound":5804.173574269611},"point_estimate":5706.728063891376,"standard_error":46.0292502956639},"StdDev":{"confidence_interval":{"confidence_level":0.95,"lower_bound":415.88578522729235,"upper_bound":638.7235349593668},"point_estimate":535.0790643810873,"standard_error":57.067239632437729}}