{"Mean":{"confidence_interval":{"confidence_level":0.95,"lower_bound":1035110.5198382326,"upper_bound":1066624.745336898},"point_estimate":1051076.983474598,"standard_error":8062.880186754503},"Median":{"confidence_interval":{"confidence_level":0.95,"lower_bound":1055270.7260629666,"upper_bound":1085576.2315789473},"point_estimate":1069870.4927612995,"standard_error":7863.859210687621},"MedianAbsDev":{"confidence_interval":{"confidence_level":0.95,"lower_bound":40401.78994193639,"upper_bound":77279.34361835955},"point_estimate":57105.99351706862,"standard_error":9219.703649315003},"Slope":{"confidence_interval":{"confidence_level":0.95,"lower_bound":1085201.6262967918,"upper_bound":1104148.3395636036},"point_estimate":1094520.4472528448,"standard_error":4820.123714358997},"StdDev":{"confidence_interval":{"confidence_level":0.95,"lower_bound":63693.68668503397,"upper_bound":97304.38419539712},"point_estimate":81134.93652803691,"standard_error":8615.635239842644}}