{"Mean":{"confidence_interval":{"confidence_level":0.95,"lower_bound":1148190.2920829482,"upper_bound":1188420.2537062183},"point_estimate":1168836.9729795333,"standard_error":10290.245852644015},"Median":{"confidence_interval":{"confidence_level":0.95,"lower_bound":1181332.1318181819,"upper_bound":1209079.9058307536},"point_estimate":1198713.185941043,"standard_error":7530.6341696148779},"MedianAbsDev":{"confidence_interval":{"confidence_level":0.95,"lower_bound":42946.29876341264,"upper_bound":71777.18127462022},"point_estimate":55606.07360341983,"standard_error":7119.961243326492},"Slope":{"confidence_interval":{"confidence_level":0.95,"lower_bound":1207732.1172433508,"upper_bound":1227908.8256161309},"point_estimate":1217397.2854618,"standard_error":5141.025450865368},"StdDev":{"confidence_interval":{"confidence_level":0.95,"lower_bound":80501.28019544571,"upper_bound":123902.12864254839},"point_estimate":103536.97806479456,"standard_error":11084.249077935347}}