{"Mean":{"confidence_interval":{"confidence_level":0.95,"lower_bound":112588.44563681704,"upper_bound":120892.75886082008},"point_estimate":116212.7153663356,"standard_error":2143.868645795691},"Median":{"confidence_interval":{"confidence_level":0.95,"lower_bound":111220.30907077418,"upper_bound":112893.2848200313},"point_estimate":112164.34354657689,"standard_error":427.82311722235189},"MedianAbsDev":{"confidence_interval":{"confidence_level":0.95,"lower_bound":2945.6667513230679,"upper_bound":5246.750042423945},"point_estimate":4295.0612927036449,"standard_error":615.1822758336881},"Slope":{"confidence_interval":{"confidence_level":0.95,"lower_bound":110825.01201801728,"upper_bound":113911.32156445952},"point_estimate":112164.16773722148,"standard_error":795.831538464932},"StdDev":{"confidence_interval":{"confidence_level":0.95,"lower_bound":7442.888305165569,"upper_bound":31766.78374685743},"point_estimate":21534.058379663657,"standard_error":6106.400875677998}}