{"Mean":{"confidence_interval":{"confidence_level":0.95,"lower_bound":289459.5476694659,"upper_bound":296211.7133454871},"point_estimate":292495.1439405187,"standard_error":1737.1978542772116},"Median":{"confidence_interval":{"confidence_level":0.95,"lower_bound":287173.4922928371,"upper_bound":289857.7919973545},"point_estimate":287998.09548066879,"standard_error":686.051083422623},"MedianAbsDev":{"confidence_interval":{"confidence_level":0.95,"lower_bound":3804.8314236735338,"upper_bound":6605.430751480133},"point_estimate":5403.953656879283,"standard_error":712.7248334772077},"Slope":{"confidence_interval":{"confidence_level":0.95,"lower_bound":285797.9176196036,"upper_bound":289615.451602441},"point_estimate":287363.30091473329,"standard_error":986.0895546129272},"StdDev":{"confidence_interval":{"confidence_level":0.95,"lower_bound":8751.934781208804,"upper_bound":24522.929911853935},"point_estimate":17449.031052900533,"standard_error":4014.4615966619578}}