{"Mean":{"confidence_interval":{"confidence_level":0.95,"lower_bound":157498.06806911285,"upper_bound":158406.30055299155},"point_estimate":157952.87642116223,"standard_error":231.35528653509597},"Median":{"confidence_interval":{"confidence_level":0.95,"lower_bound":157053.0738095238,"upper_bound":158173.7000574878},"point_estimate":157620.29971988797,"standard_error":353.6752469467108},"MedianAbsDev":{"confidence_interval":{"confidence_level":0.95,"lower_bound":1469.086095683192,"upper_bound":2685.8504120623194},"point_estimate":2056.328814241922,"standard_error":351.76285935307745},"Slope":{"confidence_interval":{"confidence_level":0.95,"lower_bound":158360.41953858073,"upper_bound":159500.74234040016},"point_estimate":158937.6001190652,"standard_error":291.4807910204898},"StdDev":{"confidence_interval":{"confidence_level":0.95,"lower_bound":1999.1537155887459,"upper_bound":2631.61205372267},"point_estimate":2331.354517083872,"standard_error":161.37115864940658}}