{"Mean":{"confidence_interval":{"confidence_level":0.95,"lower_bound":852427.167398247,"upper_bound":872467.3129698086},"point_estimate":862978.412158141,"standard_error":5124.71900779072},"Median":{"confidence_interval":{"confidence_level":0.95,"lower_bound":869714.8982624832,"upper_bound":888246.3675699302},"point_estimate":876142.8387761572,"standard_error":5220.002393995192},"MedianAbsDev":{"confidence_interval":{"confidence_level":0.95,"lower_bound":22396.99583921248,"upper_bound":47327.511180313784},"point_estimate":36319.52014215614,"standard_error":7202.011189036831},"Slope":{"confidence_interval":{"confidence_level":0.95,"lower_bound":879670.0543041957,"upper_bound":887959.2086609481},"point_estimate":883931.1199630561,"standard_error":2113.7492675719824},"StdDev":{"confidence_interval":{"confidence_level":0.95,"lower_bound":36920.50984648468,"upper_bound":65903.07250223497},"point_estimate":51467.66631455541,"standard_error":7504.973935349684}}