{"Mean":{"confidence_interval":{"confidence_level":0.95,"lower_bound":74370.90892020596,"upper_bound":76515.93069130842},"point_estimate":75299.82436971225,"standard_error":552.7226610011388},"Median":{"confidence_interval":{"confidence_level":0.95,"lower_bound":73893.36822660099,"upper_bound":74764.3231292517},"point_estimate":74196.18364845938,"standard_error":221.52073187163013},"MedianAbsDev":{"confidence_interval":{"confidence_level":0.95,"lower_bound":1485.794663805386,"upper_bound":2497.25534895953},"point_estimate":1995.1321323600726,"standard_error":249.2065449602983},"Slope":{"confidence_interval":{"confidence_level":0.95,"lower_bound":73211.60390140575,"upper_bound":73968.37562439066},"point_estimate":73583.23605965928,"standard_error":193.63030217315896},"StdDev":{"confidence_interval":{"confidence_level":0.95,"lower_bound":2088.545065201129,"upper_bound":8367.484662725557},"point_estimate":5547.478833943773,"standard_error":1687.2972055082015}}