{"Mean":{"confidence_interval":{"confidence_level":0.95,"lower_bound":84904.4631137756,"upper_bound":88320.64534382566},"point_estimate":86357.24218018285,"standard_error":881.3416584713054},"Median":{"confidence_interval":{"confidence_level":0.95,"lower_bound":84110.37947530864,"upper_bound":85647.8433111604},"point_estimate":85002.19440760389,"standard_error":361.30759752469967},"MedianAbsDev":{"confidence_interval":{"confidence_level":0.95,"lower_bound":2970.2140181014949,"upper_bound":4897.2989858816549},"point_estimate":3817.832209997705,"standard_error":508.0765659643294},"Slope":{"confidence_interval":{"confidence_level":0.95,"lower_bound":83591.1306865156,"upper_bound":90101.09924665341},"point_estimate":85967.5368489237,"standard_error":1789.5536224260689},"StdDev":{"confidence_interval":{"confidence_level":0.95,"lower_bound":3778.1811243302724,"upper_bound":13807.061557607107},"point_estimate":8882.981207425079,"standard_error":2949.6229586049569}}