{"Mean":{"confidence_interval":{"confidence_level":0.95,"lower_bound":562362.8798183375,"upper_bound":581240.281714253},"point_estimate":572203.1800459141,"standard_error":4831.087481784772},"Median":{"confidence_interval":{"confidence_level":0.95,"lower_bound":579831.5625,"upper_bound":597253.2090909091},"point_estimate":588240.3294811321,"standard_error":4886.496192034108},"MedianAbsDev":{"confidence_interval":{"confidence_level":0.95,"lower_bound":17676.368539948216,"upper_bound":36912.09050366869},"point_estimate":27337.661367069868,"standard_error":5104.886649730178},"Slope":{"confidence_interval":{"confidence_level":0.95,"lower_bound":593007.2099290327,"upper_bound":602407.5179361128},"point_estimate":598575.2496438599,"standard_error":2421.132439153245},"StdDev":{"confidence_interval":{"confidence_level":0.95,"lower_bound":37371.42927304364,"upper_bound":57899.72105561776},"point_estimate":48461.79949924588,"standard_error":5241.075962250882}}