{"Mean":{"confidence_interval":{"confidence_level":0.95,"lower_bound":10343.383112973825,"upper_bound":10680.373907445133},"point_estimate":10495.3250166654,"standard_error":86.41390661776751},"Median":{"confidence_interval":{"confidence_level":0.95,"lower_bound":10156.056818181818,"upper_bound":10409.668359145184},"point_estimate":10305.12131539157,"standard_error":65.50493745298684},"MedianAbsDev":{"confidence_interval":{"confidence_level":0.95,"lower_bound":338.78534808889386,"upper_bound":586.5627363335077},"point_estimate":469.8511076942547,"standard_error":61.61771702004032},"Slope":{"confidence_interval":{"confidence_level":0.95,"lower_bound":10110.594812718871,"upper_bound":10386.457508956733},"point_estimate":10223.072173933811,"standard_error":71.94881071702402},"StdDev":{"confidence_interval":{"confidence_level":0.95,"lower_bound":485.0410618013075,"upper_bound":1246.402174881064},"point_estimate":869.7178744923489,"standard_error":204.86464810458515}}