{"Mean":{"confidence_interval":{"confidence_level":0.95,"lower_bound":6375.66099524379,"upper_bound":6860.8432821818519},"point_estimate":6614.420967812895,"standard_error":123.83616288634241},"Median":{"confidence_interval":{"confidence_level":0.95,"lower_bound":6205.630319148936,"upper_bound":6938.840087808173},"point_estimate":6593.962396572104,"standard_error":143.01970474122494},"MedianAbsDev":{"confidence_interval":{"confidence_level":0.95,"lower_bound":1013.5876776010922,"upper_bound":1519.5103661174624},"point_estimate":1266.677494342358,"standard_error":120.78041731595647},"Slope":{"confidence_interval":{"confidence_level":0.95,"lower_bound":6602.328657103642,"upper_bound":7098.54720249028},"point_estimate":6851.80487430134,"standard_error":126.58323923018564},"StdDev":{"confidence_interval":{"confidence_level":0.95,"lower_bound":1070.653642300929,"upper_bound":1412.0880013535712},"point_estimate":1245.9057510989545,"standard_error":87.45680179612073}}