{"Mean":{"confidence_interval":{"confidence_level":0.95,"lower_bound":77701.8304677523,"upper_bound":79343.54984300958},"point_estimate":78457.61333089163,"standard_error":419.09992069248445},"Median":{"confidence_interval":{"confidence_level":0.95,"lower_bound":77095.60609485174,"upper_bound":78533.36964285714},"point_estimate":77487.75847423019,"standard_error":386.6247890080936},"MedianAbsDev":{"confidence_interval":{"confidence_level":0.95,"lower_bound":2026.2822964564858,"upper_bound":3331.171692709072},"point_estimate":2658.6822056717385,"standard_error":327.0444727465609},"Slope":{"confidence_interval":{"confidence_level":0.95,"lower_bound":76336.12908809984,"upper_bound":77538.33430643211},"point_estimate":76913.46889463574,"standard_error":307.0855925508386},"StdDev":{"confidence_interval":{"confidence_level":0.95,"lower_bound":2585.2106040713395,"upper_bound":5917.009161167458},"point_estimate":4210.375112342606,"standard_error":903.2775598560545}}