{"Mean":{"confidence_interval":{"confidence_level":0.95,"lower_bound":398178.7525945723,"upper_bound":439695.7811430616},"point_estimate":419059.6214039918,"standard_error":10593.01172755946},"Median":{"confidence_interval":{"confidence_level":0.95,"lower_bound":418638.6666666666,"upper_bound":478720.8661971831},"point_estimate":448696.81346153849,"standard_error":13845.825738630027},"MedianAbsDev":{"confidence_interval":{"confidence_level":0.95,"lower_bound":71563.15481700012,"upper_bound":154484.86620254746},"point_estimate":99081.54335906529,"standard_error":20428.44591511968},"Slope":{"confidence_interval":{"confidence_level":0.95,"lower_bound":486377.4380575382,"upper_bound":508757.3722059092},"point_estimate":498462.0810994532,"standard_error":5699.410945116361},"StdDev":{"confidence_interval":{"confidence_level":0.95,"lower_bound":95882.83427114708,"upper_bound":114749.49275709325},"point_estimate":106522.62550214601,"standard_error":4810.3373495277069}}