{"Mean":{"confidence_interval":{"confidence_level":0.95,"lower_bound":95382.3051105676,"upper_bound":98760.80441005793},"point_estimate":97132.94673801694,"standard_error":861.5970205318392},"Median":{"confidence_interval":{"confidence_level":0.95,"lower_bound":98267.93636363637,"upper_bound":100627.37627118644},"point_estimate":99889.66925584691,"standard_error":635.3159679218825},"MedianAbsDev":{"confidence_interval":{"confidence_level":0.95,"lower_bound":3905.6236580038664,"upper_bound":7035.003221453717},"point_estimate":4933.210224608478,"standard_error":849.929658705993},"Slope":{"confidence_interval":{"confidence_level":0.95,"lower_bound":100456.2118565957,"upper_bound":101604.99132306916},"point_estimate":101065.06031742279,"standard_error":292.75670446441588},"StdDev":{"confidence_interval":{"confidence_level":0.95,"lower_bound":6790.069147659024,"upper_bound":10218.573798395582},"point_estimate":8649.029038871648,"standard_error":874.3706732759534}}