{"Mean":{"confidence_interval":{"confidence_level":0.95,"lower_bound":1929.0071380350863,"upper_bound":1989.6355439019565},"point_estimate":1957.3267532894168,"standard_error":15.48391120453055},"Median":{"confidence_interval":{"confidence_level":0.95,"lower_bound":1896.2862948960304,"upper_bound":1944.1160271802995},"point_estimate":1914.2881540596164,"standard_error":12.743919435072604},"MedianAbsDev":{"confidence_interval":{"confidence_level":0.95,"lower_bound":70.06071257827559,"upper_bound":116.88789073252689},"point_estimate":94.91977028732944,"standard_error":11.659365361959229},"Slope":{"confidence_interval":{"confidence_level":0.95,"lower_bound":1876.2678072384456,"upper_bound":1906.8748793172602},"point_estimate":1890.7424973189416,"standard_error":7.81699324176323},"StdDev":{"confidence_interval":{"confidence_level":0.95,"lower_bound":105.99457890306207,"upper_bound":207.21015699876666},"point_estimate":155.67572317714335,"standard_error":26.885501175663099}}