{"Mean":{"confidence_interval":{"confidence_level":0.95,"lower_bound":896187.8471219266,"upper_bound":934942.9106213347},"point_estimate":916132.4246960085,"standard_error":9894.250774913173},"Median":{"confidence_interval":{"confidence_level":0.95,"lower_bound":925119.4930340557,"upper_bound":956548.274509804},"point_estimate":939885.3890218879,"standard_error":6690.207732577401},"MedianAbsDev":{"confidence_interval":{"confidence_level":0.95,"lower_bound":45481.13383460283,"upper_bound":82239.47610770911},"point_estimate":62830.30156849418,"standard_error":9787.453711463846},"Slope":{"confidence_interval":{"confidence_level":0.95,"lower_bound":954237.7557809932,"upper_bound":976550.697950275},"point_estimate":965508.06227575,"standard_error":5692.030790745499},"StdDev":{"confidence_interval":{"confidence_level":0.95,"lower_bound":79752.23696066032,"upper_bound":116486.46498774059},"point_estimate":99427.04441973959,"standard_error":9397.16390270501}}