{"Mean":{"confidence_interval":{"confidence_level":0.95,"lower_bound":6344721.566514539,"upper_bound":6742621.393923059},"point_estimate":6548620.301380945,"standard_error":101906.99440920445},"Median":{"confidence_interval":{"confidence_level":0.95,"lower_bound":6508606.4375,"upper_bound":6931885.015151516},"point_estimate":6611857.5178919979,"standard_error":113812.84194786089},"MedianAbsDev":{"confidence_interval":{"confidence_level":0.95,"lower_bound":535837.0406036577,"upper_bound":920566.4736305802},"point_estimate":718838.1498967114,"standard_error":100804.46691591546},"Slope":{"confidence_interval":{"confidence_level":0.95,"lower_bound":7114375.927650138,"upper_bound":7349169.161369939},"point_estimate":7237758.716973548,"standard_error":59847.859974906736},"StdDev":{"confidence_interval":{"confidence_level":0.95,"lower_bound":814415.4087016116,"upper_bound":1201142.845173403},"point_estimate":1024375.314165826,"standard_error":98881.67746859939}}