{"Mean":{"confidence_interval":{"confidence_level":0.95,"lower_bound":1195.8107252906949,"upper_bound":1235.6771288769049},"point_estimate":1214.279094617771,"standard_error":10.141414449017719},"Median":{"confidence_interval":{"confidence_level":0.95,"lower_bound":1167.8919952210275,"upper_bound":1200.1214058144165},"point_estimate":1186.5473198824053,"standard_error":8.569496710408667},"MedianAbsDev":{"confidence_interval":{"confidence_level":0.95,"lower_bound":42.51773532463199,"upper_bound":78.31894595247879},"point_estimate":56.57621670240367,"standard_error":8.777302546765484},"Slope":{"confidence_interval":{"confidence_level":0.95,"lower_bound":1163.7231277284305,"upper_bound":1180.5138574132867},"point_estimate":1171.6583722891629,"standard_error":4.295923288676031},"StdDev":{"confidence_interval":{"confidence_level":0.95,"lower_bound":67.3847949521565,"upper_bound":137.24946476997165},"point_estimate":101.44665593880279,"standard_error":18.676615790385108}}