{"Mean":{"confidence_interval":{"confidence_level":0.95,"lower_bound":1412274.377925916,"upper_bound":1455302.7184563613},"point_estimate":1432423.0214935123,"standard_error":10993.606612402484},"Median":{"confidence_interval":{"confidence_level":0.95,"lower_bound":1387241.990625,"upper_bound":1421477.046511628},"point_estimate":1401510.324302238,"standard_error":9845.272979066713},"MedianAbsDev":{"confidence_interval":{"confidence_level":0.95,"lower_bound":46097.630934829365,"upper_bound":76213.42975117742},"point_estimate":61732.15183334798,"standard_error":7479.825421316497},"Slope":{"confidence_interval":{"confidence_level":0.95,"lower_bound":1371414.2515415066,"upper_bound":1389079.7438079883},"point_estimate":1379906.1424796808,"standard_error":4504.396212203118},"StdDev":{"confidence_interval":{"confidence_level":0.95,"lower_bound":75625.49584627012,"upper_bound":141493.2080001018},"point_estimate":110211.50972269975,"standard_error":16958.450337028844}}