{"Mean":{"confidence_interval":{"confidence_level":0.95,"lower_bound":14538.635737148848,"upper_bound":15165.13316396594},"point_estimate":14813.710314712014,"standard_error":161.41015275118506},"Median":{"confidence_interval":{"confidence_level":0.95,"lower_bound":14281.071953781513,"upper_bound":14609.487428571429},"point_estimate":14525.649020737328,"standard_error":82.5558976948404},"MedianAbsDev":{"confidence_interval":{"confidence_level":0.95,"lower_bound":438.12830654648379,"upper_bound":760.7145800801432},"point_estimate":603.2533456358441,"standard_error":83.63791113084004},"Slope":{"confidence_interval":{"confidence_level":0.95,"lower_bound":14221.553056852534,"upper_bound":14456.678719450205},"point_estimate":14335.227671937342,"standard_error":59.75841115776696},"StdDev":{"confidence_interval":{"confidence_level":0.95,"lower_bound":717.7689880723036,"upper_bound":2463.798013323095},"point_estimate":1626.103474671071,"standard_error":482.55262206413098}}