{"Mean":{"confidence_interval":{"confidence_level":0.95,"lower_bound":22677.482703658457,"upper_bound":23305.660016115682},"point_estimate":22971.92478829356,"standard_error":160.42442091178175},"Median":{"confidence_interval":{"confidence_level":0.95,"lower_bound":22355.611638106893,"upper_bound":22840.0616516374},"point_estimate":22519.77355972516,"standard_error":134.4337178897844},"MedianAbsDev":{"confidence_interval":{"confidence_level":0.95,"lower_bound":739.7531068258367,"upper_bound":1240.3475865158085},"point_estimate":948.2632510703787,"standard_error":133.90698502481275},"Slope":{"confidence_interval":{"confidence_level":0.95,"lower_bound":22114.409851708137,"upper_bound":22418.590410272696},"point_estimate":22259.162716053626,"standard_error":77.57664966166242},"StdDev":{"confidence_interval":{"confidence_level":0.95,"lower_bound":1105.9375231441023,"upper_bound":2086.1158926375089},"point_estimate":1612.0123980559989,"standard_error":251.8367316937159}}