{"Mean":{"confidence_interval":{"confidence_level":0.95,"lower_bound":75102.1006215773,"upper_bound":77982.67906469379},"point_estimate":76388.35686010766,"standard_error":740.0493722149316},"Median":{"confidence_interval":{"confidence_level":0.95,"lower_bound":73955.42592592593,"upper_bound":74834.75888218924},"point_estimate":74360.92845379259,"standard_error":218.73861162815607},"MedianAbsDev":{"confidence_interval":{"confidence_level":0.95,"lower_bound":1182.704283685074,"upper_bound":2107.2242701947955},"point_estimate":1641.3664584915055,"standard_error":231.76941894724323},"Slope":{"confidence_interval":{"confidence_level":0.95,"lower_bound":73632.81124249984,"upper_bound":74207.69749937776},"point_estimate":73917.02529270198,"standard_error":146.60099340287904},"StdDev":{"confidence_interval":{"confidence_level":0.95,"lower_bound":3536.85052543449,"upper_bound":10595.830376153655},"point_estimate":7441.974556073846,"standard_error":1786.3946324192867}}