{"Mean":{"confidence_interval":{"confidence_level":0.95,"lower_bound":1186.1505008839957,"upper_bound":1226.8779929246833},"point_estimate":1205.2672475375992,"standard_error":10.406701093930359},"Median":{"confidence_interval":{"confidence_level":0.95,"lower_bound":1163.4041573792638,"upper_bound":1191.3963016388189},"point_estimate":1171.4532062041377,"standard_error":6.319885330220248},"MedianAbsDev":{"confidence_interval":{"confidence_level":0.95,"lower_bound":38.80336522108621,"upper_bound":63.90547961174369},"point_estimate":52.05297338765003,"standard_error":6.531465146185183},"Slope":{"confidence_interval":{"confidence_level":0.95,"lower_bound":1163.5992820185216,"upper_bound":1180.1234572850499},"point_estimate":1171.5692610048557,"standard_error":4.219331993457622},"StdDev":{"confidence_interval":{"confidence_level":0.95,"lower_bound":69.55650188162885,"upper_bound":135.68028755832888},"point_estimate":104.29245972546609,"standard_error":16.96800090036565}}