{"Mean":{"confidence_interval":{"confidence_level":0.95,"lower_bound":292097.41150389288,"upper_bound":295866.56344960108},"point_estimate":294081.5952859991,"standard_error":960.9744410777415},"Median":{"confidence_interval":{"confidence_level":0.95,"lower_bound":293536.5264148213,"upper_bound":298759.0614080834},"point_estimate":295697.3764745534,"standard_error":1458.430512426895},"MedianAbsDev":{"confidence_interval":{"confidence_level":0.95,"lower_bound":5257.731931656628,"upper_bound":9498.387096576304},"point_estimate":7833.027953500067,"standard_error":1093.5597355845987},"Slope":{"confidence_interval":{"confidence_level":0.95,"lower_bound":298873.67199893176,"upper_bound":300392.14562923539},"point_estimate":299703.4899453229,"standard_error":387.79653584562649},"StdDev":{"confidence_interval":{"confidence_level":0.95,"lower_bound":6780.879821603685,"upper_bound":12758.146774065435},"point_estimate":9657.952462337395,"standard_error":1591.7454574255838}}