{"Mean":{"confidence_interval":{"confidence_level":0.95,"lower_bound":480010.0233279308,"upper_bound":522346.35322905276},"point_estimate":501517.81417531447,"standard_error":10767.674326205633},"Median":{"confidence_interval":{"confidence_level":0.95,"lower_bound":547060.6444444445,"upper_bound":574604.1323529412},"point_estimate":561829.6126689189,"standard_error":8559.960993752138},"MedianAbsDev":{"confidence_interval":{"confidence_level":0.95,"lower_bound":27808.771749582065,"upper_bound":76838.72480693764},"point_estimate":47881.62904005883,"standard_error":13605.629417120172},"Slope":{"confidence_interval":{"confidence_level":0.95,"lower_bound":513280.6045429453,"upper_bound":562779.8834613921},"point_estimate":539208.7634594356,"standard_error":12672.262602599709},"StdDev":{"confidence_interval":{"confidence_level":0.95,"lower_bound":96274.14295080854,"upper_bound":117433.1062116485},"point_estimate":108553.49055506778,"standard_error":5401.444698568864}}