{"Mean":{"confidence_interval":{"confidence_level":0.95,"lower_bound":116105.61699490334,"upper_bound":120138.03911220109},"point_estimate":117942.11598419513,"standard_error":1029.662696401722},"Median":{"confidence_interval":{"confidence_level":0.95,"lower_bound":114484.785002035,"upper_bound":116785.1672278339},"point_estimate":115704.072363124,"standard_error":621.1640266703848},"MedianAbsDev":{"confidence_interval":{"confidence_level":0.95,"lower_bound":3513.096140407834,"upper_bound":5877.758097136023},"point_estimate":4596.519888784526,"standard_error":612.0470289426471},"Slope":{"confidence_interval":{"confidence_level":0.95,"lower_bound":113811.4895395038,"upper_bound":115719.50324795018},"point_estimate":114737.76602466217,"standard_error":486.96004103253088},"StdDev":{"confidence_interval":{"confidence_level":0.95,"lower_bound":5936.007292290352,"upper_bound":14276.315971033504},"point_estimate":10351.450989944391,"standard_error":2143.3461420573255}}