{"Mean":{"confidence_interval":{"confidence_level":0.95,"lower_bound":77438.1479089764,"upper_bound":94067.42813975165},"point_estimate":84378.04210310929,"standard_error":4351.343931537851},"Median":{"confidence_interval":{"confidence_level":0.95,"lower_bound":75173.7435897436,"upper_bound":76724.81084656084},"point_estimate":76025.05971527382,"standard_error":344.9663616769308},"MedianAbsDev":{"confidence_interval":{"confidence_level":0.95,"lower_bound":2779.8796194116987,"upper_bound":5277.998122912183},"point_estimate":3733.5732347573627,"standard_error":643.9359737098007},"Slope":{"confidence_interval":{"confidence_level":0.95,"lower_bound":76931.96521963689,"upper_bound":81379.01029905169},"point_estimate":78910.3703747826,"standard_error":1143.6061026567716},"StdDev":{"confidence_interval":{"confidence_level":0.95,"lower_bound":7807.699665138369,"upper_bound":67109.12006471334},"point_estimate":43738.27845135304,"standard_error":15917.901304772566}}