{"Mean":{"confidence_interval":{"confidence_level":0.95,"lower_bound":15036.626882938404,"upper_bound":15537.305054151917},"point_estimate":15273.712038330354,"standard_error":128.15160093026507},"Median":{"confidence_interval":{"confidence_level":0.95,"lower_bound":14619.446361940298,"upper_bound":15039.300146992311},"point_estimate":14894.201011073663,"standard_error":109.15156071312738},"MedianAbsDev":{"confidence_interval":{"confidence_level":0.95,"lower_bound":533.2784791767286,"upper_bound":1076.7938427474563},"point_estimate":827.9346960213111,"standard_error":139.8809152233426},"Slope":{"confidence_interval":{"confidence_level":0.95,"lower_bound":14549.738472351248,"upper_bound":14760.75111473617},"point_estimate":14646.533524809822,"standard_error":53.83611658414962},"StdDev":{"confidence_interval":{"confidence_level":0.95,"lower_bound":917.3665243786248,"upper_bound":1671.682069842012},"point_estimate":1288.071556468764,"standard_error":196.94780832366784}}