{"Mean":{"confidence_interval":{"confidence_level":0.95,"lower_bound":117997.19527692022,"upper_bound":121850.06157211177},"point_estimate":119761.10659817752,"standard_error":988.68924453503},"Median":{"confidence_interval":{"confidence_level":0.95,"lower_bound":115822.49722602219,"upper_bound":118605.87234042553},"point_estimate":116967.00327234865,"standard_error":720.8824231986871},"MedianAbsDev":{"confidence_interval":{"confidence_level":0.95,"lower_bound":3833.625409716418,"upper_bound":6939.071518045322},"point_estimate":5303.7456243209439,"standard_error":790.8887390989453},"Slope":{"confidence_interval":{"confidence_level":0.95,"lower_bound":115068.9007362527,"upper_bound":116521.2628715159},"point_estimate":115751.68061409127,"standard_error":370.3295938289393},"StdDev":{"confidence_interval":{"confidence_level":0.95,"lower_bound":5973.268039278051,"upper_bound":14193.096216636146},"point_estimate":9951.165505748111,"standard_error":2333.3372892892227}}