{"Mean":{"confidence_interval":{"confidence_level":0.95,"lower_bound":15004.548512489931,"upper_bound":15472.62434375943},"point_estimate":15218.69681538833,"standard_error":119.38334269279422},"Median":{"confidence_interval":{"confidence_level":0.95,"lower_bound":14739.493051470588,"upper_bound":15211.020532741399},"point_estimate":14901.335236181214,"standard_error":126.69417878315088},"MedianAbsDev":{"confidence_interval":{"confidence_level":0.95,"lower_bound":549.0324058835718,"upper_bound":905.8728616037276},"point_estimate":715.2192942350916,"standard_error":88.1019601449442},"Slope":{"confidence_interval":{"confidence_level":0.95,"lower_bound":14624.430751793596,"upper_bound":14822.98250148059},"point_estimate":14719.6090613618,"standard_error":50.454272240450709},"StdDev":{"confidence_interval":{"confidence_level":0.95,"lower_bound":741.1913465254633,"upper_bound":1703.3260114726618},"point_estimate":1200.9871508405107,"standard_error":278.4716209791212}}