{"Mean":{"confidence_interval":{"confidence_level":0.95,"lower_bound":124850.87204596927,"upper_bound":129648.9492064985},"point_estimate":127098.42408968293,"standard_error":1221.1949808861467},"Median":{"confidence_interval":{"confidence_level":0.95,"lower_bound":121381.78709504687,"upper_bound":124043.30332327234},"point_estimate":122845.96507122508,"standard_error":745.2946419031886},"MedianAbsDev":{"confidence_interval":{"confidence_level":0.95,"lower_bound":3702.115517067827,"upper_bound":7501.197289567035},"point_estimate":5584.358695456105,"standard_error":978.7166187792365},"Slope":{"confidence_interval":{"confidence_level":0.95,"lower_bound":120927.78336848188,"upper_bound":122459.72151667981},"point_estimate":121656.7018452293,"standard_error":390.29386120187436},"StdDev":{"confidence_interval":{"confidence_level":0.95,"lower_bound":8687.671500632894,"upper_bound":15393.148993511068},"point_estimate":12274.732563660595,"standard_error":1718.428922537934}}