{"Mean":{"confidence_interval":{"confidence_level":0.95,"lower_bound":11997.225205486404,"upper_bound":12510.965915132869},"point_estimate":12248.934493704557,"standard_error":130.94521419870928},"Median":{"confidence_interval":{"confidence_level":0.95,"lower_bound":11817.30153846154,"upper_bound":12712.474157303372},"point_estimate":12115.350677655679,"standard_error":244.62142417795233},"MedianAbsDev":{"confidence_interval":{"confidence_level":0.95,"lower_bound":1124.0537843573753,"upper_bound":1795.3294993701332},"point_estimate":1538.3142216145246,"standard_error":177.61681095747006},"Slope":{"confidence_interval":{"confidence_level":0.95,"lower_bound":12732.181496298157,"upper_bound":13215.8453468457},"point_estimate":12969.424230530516,"standard_error":123.48221167473004},"StdDev":{"confidence_interval":{"confidence_level":0.95,"lower_bound":1124.4963480124218,"upper_bound":1495.684239892587},"point_estimate":1318.968179637593,"standard_error":94.99393695635226}}