{"Mean":{"confidence_interval":{"confidence_level":0.95,"lower_bound":132160.9976657875,"upper_bound":135602.70612436516},"point_estimate":133733.93196861857,"standard_error":879.2390579744124},"Median":{"confidence_interval":{"confidence_level":0.95,"lower_bound":130626.36600815025,"upper_bound":133270.94642857143},"point_estimate":132033.66414473684,"standard_error":757.1990125479783},"MedianAbsDev":{"confidence_interval":{"confidence_level":0.95,"lower_bound":3814.6520205550875,"upper_bound":6441.245526113207},"point_estimate":5327.87809132706,"standard_error":682.2334432707141},"Slope":{"confidence_interval":{"confidence_level":0.95,"lower_bound":130193.20110431874,"upper_bound":132260.2716246722},"point_estimate":131209.58452305306,"standard_error":528.7369039171392},"StdDev":{"confidence_interval":{"confidence_level":0.95,"lower_bound":5265.181492741459,"upper_bound":12199.473066919525},"point_estimate":8835.171349262942,"standard_error":1814.23259289064}}