{"Mean":{"confidence_interval":{"confidence_level":0.95,"lower_bound":1314261.2172927196,"upper_bound":1354573.5670146829},"point_estimate":1333272.1865449118,"standard_error":10295.383024238556},"Median":{"confidence_interval":{"confidence_level":0.95,"lower_bound":1292431.5625,"upper_bound":1310232.2033898305},"point_estimate":1298516.4295972966,"standard_error":4939.41557679688},"MedianAbsDev":{"confidence_interval":{"confidence_level":0.95,"lower_bound":32593.852018233276,"upper_bound":57071.243115069905},"point_estimate":42934.54177493471,"standard_error":6245.568709088409},"Slope":{"confidence_interval":{"confidence_level":0.95,"lower_bound":1283399.3895470303,"upper_bound":1297058.861767748},"point_estimate":1289770.9035554899,"standard_error":3491.0678522023538},"StdDev":{"confidence_interval":{"confidence_level":0.95,"lower_bound":72629.54628245131,"upper_bound":131908.39823007355},"point_estimate":103684.36519829261,"standard_error":15172.411219941623}}