{"Mean":{"confidence_interval":{"confidence_level":0.95,"lower_bound":9422.26794819008,"upper_bound":9828.061711127484},"point_estimate":9605.67663652315,"standard_error":103.63721272179147},"Median":{"confidence_interval":{"confidence_level":0.95,"lower_bound":9219.346357112878,"upper_bound":9442.711974511752},"point_estimate":9324.489534892331,"standard_error":70.70719044232655},"MedianAbsDev":{"confidence_interval":{"confidence_level":0.95,"lower_bound":362.44920944279326,"upper_bound":667.8808648243094},"point_estimate":496.6905227626824,"standard_error":92.74139674760403},"Slope":{"confidence_interval":{"confidence_level":0.95,"lower_bound":9130.420115340226,"upper_bound":9257.215648405005},"point_estimate":9190.736392175122,"standard_error":32.314970485583518},"StdDev":{"confidence_interval":{"confidence_level":0.95,"lower_bound":592.2092591813708,"upper_bound":1476.2304361839748},"point_estimate":1039.353461772582,"standard_error":233.78450119451535}}