{"Mean":{"confidence_interval":{"confidence_level":0.95,"lower_bound":132652.1373119136,"upper_bound":137580.05444715735},"point_estimate":134880.55397269317,"standard_error":1261.2762654280883},"Median":{"confidence_interval":{"confidence_level":0.95,"lower_bound":130832.96544771755,"upper_bound":133022.19727891158},"point_estimate":131783.44079896713,"standard_error":593.2154113358806},"MedianAbsDev":{"confidence_interval":{"confidence_level":0.95,"lower_bound":3666.222327955012,"upper_bound":6489.128904736409},"point_estimate":5029.3203191683719,"standard_error":747.2705898527194},"Slope":{"confidence_interval":{"confidence_level":0.95,"lower_bound":129854.76085126808,"upper_bound":131989.01939979424},"point_estimate":130903.01075344635,"standard_error":543.6242365784733},"StdDev":{"confidence_interval":{"confidence_level":0.95,"lower_bound":7077.211115515892,"upper_bound":17930.14304708162},"point_estimate":12645.038608885243,"standard_error":2869.127760719474}}