{"Mean":{"confidence_interval":{"confidence_level":0.95,"lower_bound":1726727.1302216894,"upper_bound":1817067.8643039996},"point_estimate":1766637.2038761962,"standard_error":23248.453970137078},"Median":{"confidence_interval":{"confidence_level":0.95,"lower_bound":1683391.8596491228,"upper_bound":1717566.975609756},"point_estimate":1694483.2392156863,"standard_error":9691.198667135439},"MedianAbsDev":{"confidence_interval":{"confidence_level":0.95,"lower_bound":39045.5727961768,"upper_bound":74170.10330396018},"point_estimate":55032.14316842132,"standard_error":9184.840043346368},"Slope":{"confidence_interval":{"confidence_level":0.95,"lower_bound":1667992.5104149474,"upper_bound":1688973.45923642},"point_estimate":1677077.8938466085,"standard_error":5368.56789016439},"StdDev":{"confidence_interval":{"confidence_level":0.95,"lower_bound":110727.3822896976,"upper_bound":348662.25646327217},"point_estimate":233532.12764234394,"standard_error":64448.51643094023}}