{"Mean":{"confidence_interval":{"confidence_level":0.95,"lower_bound":8133.86168360015,"upper_bound":8530.704391696834},"point_estimate":8302.282860047937,"standard_error":102.65342814953582},"Median":{"confidence_interval":{"confidence_level":0.95,"lower_bound":7961.407142857143,"upper_bound":8212.524305555555},"point_estimate":8084.1010578425889,"standard_error":65.44297279563716},"MedianAbsDev":{"confidence_interval":{"confidence_level":0.95,"lower_bound":258.3390970431939,"upper_bound":460.95086806779576},"point_estimate":353.34463007522239,"standard_error":47.94686836356297},"Slope":{"confidence_interval":{"confidence_level":0.95,"lower_bound":7976.859654530858,"upper_bound":8104.949808605552},"point_estimate":8037.115019715191,"standard_error":32.63712112502045},"StdDev":{"confidence_interval":{"confidence_level":0.95,"lower_bound":400.1247773844866,"upper_bound":1606.454727451225},"point_estimate":1031.5200015683516,"standard_error":347.18152453604758}}