{"Mean":{"confidence_interval":{"confidence_level":0.95,"lower_bound":12193.62240590968,"upper_bound":12779.297913287703},"point_estimate":12484.636585261846,"standard_error":149.60748560861365},"Median":{"confidence_interval":{"confidence_level":0.95,"lower_bound":11904.43813131313,"upper_bound":13194.573072497124},"point_estimate":12622.975844301604,"standard_error":393.1756527735913},"MedianAbsDev":{"confidence_interval":{"confidence_level":0.95,"lower_bound":1320.3680242988644,"upper_bound":2100.988808610058},"point_estimate":1621.3425509113295,"standard_error":215.08847182958557},"Slope":{"confidence_interval":{"confidence_level":0.95,"lower_bound":13171.884667592798,"upper_bound":13618.183802751286},"point_estimate":13402.738074568651,"standard_error":113.56909262118703},"StdDev":{"confidence_interval":{"confidence_level":0.95,"lower_bound":1322.8982962582448,"upper_bound":1691.1270912802655},"point_estimate":1512.088103599117,"standard_error":94.02227732876558}}