{"Mean":{"confidence_interval":{"confidence_level":0.95,"lower_bound":1004127.4393908325,"upper_bound":1036898.7101168585},"point_estimate":1021287.3088839012,"standard_error":8359.976484843244},"Median":{"confidence_interval":{"confidence_level":0.95,"lower_bound":1021825.1818181818,"upper_bound":1050262.478125},"point_estimate":1034034.7264720374,"standard_error":6800.154258573405},"MedianAbsDev":{"confidence_interval":{"confidence_level":0.95,"lower_bound":46753.03180679655,"upper_bound":81150.83156288306},"point_estimate":63971.85970029097,"standard_error":8948.495542630266},"Slope":{"confidence_interval":{"confidence_level":0.95,"lower_bound":1046209.2369492906,"upper_bound":1066075.4333191233},"point_estimate":1055938.458764593,"standard_error":5078.933103008043},"StdDev":{"confidence_interval":{"confidence_level":0.95,"lower_bound":61932.6872974367,"upper_bound":104315.95294280876},"point_estimate":83893.18109279935,"standard_error":10920.431829980662}}