{"Mean":{"confidence_interval":{"confidence_level":0.95,"lower_bound":33631.94240586938,"upper_bound":34421.127869011434},"point_estimate":34027.66090686444,"standard_error":201.5408620643314},"Median":{"confidence_interval":{"confidence_level":0.95,"lower_bound":33241.53108465609,"upper_bound":34665.63217511655},"point_estimate":34151.95305251985,"standard_error":397.3346193569695},"MedianAbsDev":{"confidence_interval":{"confidence_level":0.95,"lower_bound":2028.6185812221816,"upper_bound":3155.4502063180805},"point_estimate":2623.3806361883287,"standard_error":288.60734303374809},"Slope":{"confidence_interval":{"confidence_level":0.95,"lower_bound":33590.19750295225,"upper_bound":34672.01321681864},"point_estimate":34131.47039603961,"standard_error":276.152460447588},"StdDev":{"confidence_interval":{"confidence_level":0.95,"lower_bound":1842.3219200602155,"upper_bound":2196.305740747989},"point_estimate":2033.7558112301834,"standard_error":90.3797909634859}}