{"Mean":{"confidence_interval":{"confidence_level":0.95,"lower_bound":6094.224253665477,"upper_bound":6306.021106735897},"point_estimate":6193.461482869784,"standard_error":54.212054157328719},"Median":{"confidence_interval":{"confidence_level":0.95,"lower_bound":5942.071474983755,"upper_bound":6027.820987654321},"point_estimate":5976.692881848985,"standard_error":22.35619365262751},"MedianAbsDev":{"confidence_interval":{"confidence_level":0.95,"lower_bound":112.175754582987,"upper_bound":249.94243993991163},"point_estimate":154.7959260765476,"standard_error":35.825416024499727},"Slope":{"confidence_interval":{"confidence_level":0.95,"lower_bound":5985.479973756917,"upper_bound":6155.281497011864},"point_estimate":6062.011751145264,"standard_error":43.52540184429673},"StdDev":{"confidence_interval":{"confidence_level":0.95,"lower_bound":370.0230055065776,"upper_bound":726.7497186634849},"point_estimate":545.6001553441062,"standard_error":94.25429065364084}}