{"Mean":{"confidence_interval":{"confidence_level":0.95,"lower_bound":1210.0045813199807,"upper_bound":1258.3681887617279},"point_estimate":1232.7760715397054,"standard_error":12.36738884330786},"Median":{"confidence_interval":{"confidence_level":0.95,"lower_bound":1182.0163034705409,"upper_bound":1204.2342805878334},"point_estimate":1189.6003387671358,"standard_error":6.180828357396332},"MedianAbsDev":{"confidence_interval":{"confidence_level":0.95,"lower_bound":42.97515978857538,"upper_bound":82.2233157186009},"point_estimate":61.043904326765247,"standard_error":10.93693300712023},"Slope":{"confidence_interval":{"confidence_level":0.95,"lower_bound":1169.379031824735,"upper_bound":1187.2767722355507},"point_estimate":1177.9189874883012,"standard_error":4.5522505304165989},"StdDev":{"confidence_interval":{"confidence_level":0.95,"lower_bound":88.70842670424806,"upper_bound":155.65474031368783},"point_estimate":124.50109451270429,"standard_error":17.11942036517537}}