{"Mean":{"confidence_interval":{"confidence_level":0.95,"lower_bound":6586.87983974049,"upper_bound":6841.2543972971},"point_estimate":6712.677096649677,"standard_error":64.94497509884536},"Median":{"confidence_interval":{"confidence_level":0.95,"lower_bound":6514.03594890511,"upper_bound":6805.997785161782},"point_estimate":6646.658188638206,"standard_error":73.18532462417788},"MedianAbsDev":{"confidence_interval":{"confidence_level":0.95,"lower_bound":507.88366157731209,"upper_bound":823.2741182552059},"point_estimate":681.5044708478788,"standard_error":79.1716308816248},"Slope":{"confidence_interval":{"confidence_level":0.95,"lower_bound":6700.170292317168,"upper_bound":6979.1351179103389},"point_estimate":6836.652100069142,"standard_error":71.02087876793196},"StdDev":{"confidence_interval":{"confidence_level":0.95,"lower_bound":544.416708262059,"upper_bound":762.5235120941433},"point_estimate":651.7404605425311,"standard_error":56.091459267827129}}