{"Mean":{"confidence_interval":{"confidence_level":0.95,"lower_bound":53973.99073631261,"upper_bound":55572.90692661222},"point_estimate":54707.111552201146,"standard_error":410.7616921295925},"Median":{"confidence_interval":{"confidence_level":0.95,"lower_bound":53473.50384778529,"upper_bound":54625.529021558876},"point_estimate":54297.86795803066,"standard_error":297.35968252267386},"MedianAbsDev":{"confidence_interval":{"confidence_level":0.95,"lower_bound":1716.8251874026212,"upper_bound":2610.3200534714599},"point_estimate":2155.4094695614605,"standard_error":228.5273513883168},"Slope":{"confidence_interval":{"confidence_level":0.95,"lower_bound":53801.45744542977,"upper_bound":56068.03524953444},"point_estimate":54785.34088452129,"standard_error":587.9771466678627},"StdDev":{"confidence_interval":{"confidence_level":0.95,"lower_bound":2344.546938020424,"upper_bound":5648.370991525448},"point_estimate":4144.179405840227,"standard_error":837.4077605342984}}