{"Mean":{"confidence_interval":{"confidence_level":0.95,"lower_bound":13260.365689356404,"upper_bound":13838.722489772656},"point_estimate":13527.259244247205,"standard_error":147.73447897434526},"Median":{"confidence_interval":{"confidence_level":0.95,"lower_bound":13022.509570241964,"upper_bound":13261.872485207101},"point_estimate":13115.225722461299,"standard_error":61.24730614480379},"MedianAbsDev":{"confidence_interval":{"confidence_level":0.95,"lower_bound":447.13848707210078,"upper_bound":792.3080648958951},"point_estimate":570.019486214973,"standard_error":86.26566156612739},"Slope":{"confidence_interval":{"confidence_level":0.95,"lower_bound":12867.056000239483,"upper_bound":13089.58600467487},"point_estimate":12976.360835085805,"standard_error":56.72300189719144},"StdDev":{"confidence_interval":{"confidence_level":0.95,"lower_bound":865.6200086776067,"upper_bound":2014.2211621561779},"point_estimate":1487.0808769820856,"standard_error":294.32828486037348}}