{"Mean":{"confidence_interval":{"confidence_level":0.95,"lower_bound":61637.71738133946,"upper_bound":63165.853399376654},"point_estimate":62326.78101841907,"standard_error":390.93490482903737},"Median":{"confidence_interval":{"confidence_level":0.95,"lower_bound":61111.37903225807,"upper_bound":62392.89786585366},"point_estimate":61764.713341346156,"standard_error":320.7738540739816},"MedianAbsDev":{"confidence_interval":{"confidence_level":0.95,"lower_bound":1787.8199078271608,"upper_bound":2851.099597833514},"point_estimate":2320.8692695056049,"standard_error":264.7131700635025},"Slope":{"confidence_interval":{"confidence_level":0.95,"lower_bound":62209.06016154332,"upper_bound":64509.37219266879},"point_estimate":63279.305502992465,"standard_error":586.6394033133599},"StdDev":{"confidence_interval":{"confidence_level":0.95,"lower_bound":2287.951951140282,"upper_bound":5757.03028480434},"point_estimate":3921.7007167278886,"standard_error":1059.8632772342936}}