{"Mean":{"confidence_interval":{"confidence_level":0.95,"lower_bound":123.53192198496366,"upper_bound":128.2545249102474},"point_estimate":125.62765061768738,"standard_error":1.2122040842128564},"Median":{"confidence_interval":{"confidence_level":0.95,"lower_bound":120.7234935467963,"upper_bound":124.46805903802488},"point_estimate":122.83265204294188,"standard_error":1.0373572464964927},"MedianAbsDev":{"confidence_interval":{"confidence_level":0.95,"lower_bound":4.404396503328626,"upper_bound":7.625871376177987},"point_estimate":6.189056077024014,"standard_error":0.8605589240764574},"Slope":{"confidence_interval":{"confidence_level":0.95,"lower_bound":120.7937957577943,"upper_bound":122.470298989317},"point_estimate":121.59721136606064,"standard_error":0.4286749537289633},"StdDev":{"confidence_interval":{"confidence_level":0.95,"lower_bound":6.408571849104854,"upper_bound":18.069194646234675},"point_estimate":12.172187617547577,"standard_error":3.343266657861336}}