{"Mean":{"confidence_interval":{"confidence_level":0.95,"lower_bound":128.39657098529077,"upper_bound":134.6358190208566},"point_estimate":131.25328808097277,"standard_error":1.5973704490538788},"Median":{"confidence_interval":{"confidence_level":0.95,"lower_bound":124.88199408429874,"upper_bound":128.79912384879109},"point_estimate":126.82733240240599,"standard_error":1.1305477654974803},"MedianAbsDev":{"confidence_interval":{"confidence_level":0.95,"lower_bound":5.6365545403911219,"upper_bound":10.770894291741734},"point_estimate":8.03283066676458,"standard_error":1.2542787052565057},"Slope":{"confidence_interval":{"confidence_level":0.95,"lower_bound":124.35786645314788,"upper_bound":126.98957754213586},"point_estimate":125.60999974356844,"standard_error":0.6700742522969316},"StdDev":{"confidence_interval":{"confidence_level":0.95,"lower_bound":9.031688303432674,"upper_bound":22.564902839693205},"point_estimate":16.05272352563106,"standard_error":3.580030826056374}}