{"Mean":{"confidence_interval":{"confidence_level":0.95,"lower_bound":215833.77114490907,"upper_bound":220144.93177959659},"point_estimate":217813.54105462507,"standard_error":1099.9302377645598},"Median":{"confidence_interval":{"confidence_level":0.95,"lower_bound":214960.5347826087,"upper_bound":217352.336},"point_estimate":216427.54078431373,"standard_error":599.3518908174555},"MedianAbsDev":{"confidence_interval":{"confidence_level":0.95,"lower_bound":4328.745529881675,"upper_bound":6941.642282532517},"point_estimate":5647.110865497533,"standard_error":653.9538399315361},"Slope":{"confidence_interval":{"confidence_level":0.95,"lower_bound":212977.3482203099,"upper_bound":215720.25913599679},"point_estimate":214367.2189821191,"standard_error":701.049951781954},"StdDev":{"confidence_interval":{"confidence_level":0.95,"lower_bound":6839.4456215990699,"upper_bound":15705.846327431205},"point_estimate":11057.690628978875,"standard_error":2532.526119267515}}