{"Mean":{"confidence_interval":{"confidence_level":0.95,"lower_bound":2044.5602104010675,"upper_bound":2109.8109260778358},"point_estimate":2074.0472312408257,"standard_error":16.73048992513974},"Median":{"confidence_interval":{"confidence_level":0.95,"lower_bound":2010.731740284267,"upper_bound":2044.5572826296512},"point_estimate":2028.3636518153376,"standard_error":9.234454388329942},"MedianAbsDev":{"confidence_interval":{"confidence_level":0.95,"lower_bound":64.02975362272206,"upper_bound":110.50500820877019},"point_estimate":88.9012167561908,"standard_error":12.404615502328383},"Slope":{"confidence_interval":{"confidence_level":0.95,"lower_bound":1999.899628457123,"upper_bound":2029.1666476159697},"point_estimate":2013.7547862603047,"standard_error":7.446753485914438},"StdDev":{"confidence_interval":{"confidence_level":0.95,"lower_bound":101.21168510077023,"upper_bound":240.08279178406733},"point_estimate":168.35773518212725,"standard_error":39.48209264139141}}