{"Mean":{"confidence_interval":{"confidence_level":0.95,"lower_bound":293688.24355899196,"upper_bound":312685.78947772269},"point_estimate":301302.85097790756,"standard_error":5008.5046818936129},"Median":{"confidence_interval":{"confidence_level":0.95,"lower_bound":288597.31666666668,"upper_bound":291430.8021978022},"point_estimate":289786.4476923077,"standard_error":726.4811951955691},"MedianAbsDev":{"confidence_interval":{"confidence_level":0.95,"lower_bound":4208.325524089752,"upper_bound":8390.351223509637},"point_estimate":5361.5944825731999,"standard_error":1075.7361077613496},"Slope":{"confidence_interval":{"confidence_level":0.95,"lower_bound":287909.41353536807,"upper_bound":290300.1390413601},"point_estimate":289053.94392714646,"standard_error":609.3917713318641},"StdDev":{"confidence_interval":{"confidence_level":0.95,"lower_bound":13609.211428877548,"upper_bound":82173.83340081174},"point_estimate":50496.23072218986,"standard_error":21087.94595808348}}