{"Mean":{"confidence_interval":{"confidence_level":0.95,"lower_bound":1328150.423199495,"upper_bound":1357742.1862931136},"point_estimate":1342166.9336617226,"standard_error":7563.465134481074},"Median":{"confidence_interval":{"confidence_level":0.95,"lower_bound":1308532.2120689657,"upper_bound":1334310.9166666668},"point_estimate":1318137.6330876332,"standard_error":7834.984957399737},"MedianAbsDev":{"confidence_interval":{"confidence_level":0.95,"lower_bound":35653.02792050722,"upper_bound":64093.66249099104},"point_estimate":48451.47980090966,"standard_error":7965.184575420187},"Slope":{"confidence_interval":{"confidence_level":0.95,"lower_bound":1302275.694593845,"upper_bound":1316865.396340542},"point_estimate":1309270.6017112458,"standard_error":3732.906331525606},"StdDev":{"confidence_interval":{"confidence_level":0.95,"lower_bound":55222.972386670284,"upper_bound":97525.89401303826},"point_estimate":75893.31652362559,"standard_error":11116.040973230394}}