{"Mean":{"confidence_interval":{"confidence_level":0.95,"lower_bound":38436.12471094468,"upper_bound":39057.26020633783},"point_estimate":38744.82012190545,"standard_error":158.5525168424298},"Median":{"confidence_interval":{"confidence_level":0.95,"lower_bound":38183.503169855336,"upper_bound":39164.733005366725},"point_estimate":38404.59294871795,"standard_error":238.17299915111748},"MedianAbsDev":{"confidence_interval":{"confidence_level":0.95,"lower_bound":1358.8096581665184,"upper_bound":2129.3891851385385},"point_estimate":1672.5015390613856,"standard_error":200.19007251908915},"Slope":{"confidence_interval":{"confidence_level":0.95,"lower_bound":38365.88569556008,"upper_bound":39072.636868820555},"point_estimate":38723.02183787839,"standard_error":180.74791954575097},"StdDev":{"confidence_interval":{"confidence_level":0.95,"lower_bound":1401.397331746858,"upper_bound":1754.3614027903337},"point_estimate":1588.6445980722613,"standard_error":90.14468227185692}}