{"Mean":{"confidence_interval":{"confidence_level":0.95,"lower_bound":157613.2855101241,"upper_bound":158394.95488261607},"point_estimate":157998.823051176,"standard_error":198.8963030655851},"Median":{"confidence_interval":{"confidence_level":0.95,"lower_bound":157325.96423097974,"upper_bound":158170.33640552997},"point_estimate":157638.58984113014,"standard_error":239.28692426850618},"MedianAbsDev":{"confidence_interval":{"confidence_level":0.95,"lower_bound":1315.2934479957108,"upper_bound":2126.4445528362859},"point_estimate":1657.4942877794763,"standard_error":208.91581325642347},"Slope":{"confidence_interval":{"confidence_level":0.95,"lower_bound":157665.8187587994,"upper_bound":158424.34727790967},"point_estimate":158032.54808292344,"standard_error":192.8992542944086},"StdDev":{"confidence_interval":{"confidence_level":0.95,"lower_bound":1648.9725966342645,"upper_bound":2349.096593939503},"point_estimate":2005.8599072095477,"standard_error":179.75911156036973}}