{"Mean":{"confidence_interval":{"confidence_level":0.95,"lower_bound":49344.11682635935,"upper_bound":50079.33864818154},"point_estimate":49709.594016561496,"standard_error":187.1089655685866},"Median":{"confidence_interval":{"confidence_level":0.95,"lower_bound":49123.95844875346,"upper_bound":50235.39741019215},"point_estimate":49710.47071307301,"standard_error":260.9992277118702},"MedianAbsDev":{"confidence_interval":{"confidence_level":0.95,"lower_bound":1606.8660975054375,"upper_bound":2407.949832190137},"point_estimate":2146.245921984988,"standard_error":200.5555419180469},"Slope":{"confidence_interval":{"confidence_level":0.95,"lower_bound":49038.44749693808,"upper_bound":49977.56228361899},"point_estimate":49514.37210689647,"standard_error":238.4389210920812},"StdDev":{"confidence_interval":{"confidence_level":0.95,"lower_bound":1639.9811954449859,"upper_bound":2108.447508577087},"point_estimate":1886.6932822078236,"standard_error":119.50033456553047}}