{"Mean":{"confidence_interval":{"confidence_level":0.95,"lower_bound":93870.55280585874,"upper_bound":96596.00997345},"point_estimate":95268.44996085477,"standard_error":694.968039136369},"Median":{"confidence_interval":{"confidence_level":0.95,"lower_bound":95379.15945945947,"upper_bound":97932.67590361447},"point_estimate":96779.82226027397,"standard_error":797.9810841453365},"MedianAbsDev":{"confidence_interval":{"confidence_level":0.95,"lower_bound":3423.8620033924978,"upper_bound":6751.063057441957},"point_estimate":5329.521537964263,"standard_error":824.9835997607974},"Slope":{"confidence_interval":{"confidence_level":0.95,"lower_bound":97920.85387982555,"upper_bound":99515.90552158866},"point_estimate":98706.36628343431,"standard_error":407.1322222003642},"StdDev":{"confidence_interval":{"confidence_level":0.95,"lower_bound":5632.332991361328,"upper_bound":8221.771471386743},"point_estimate":6979.999198212295,"standard_error":661.8422041621252}}