{"Mean":{"confidence_interval":{"confidence_level":0.95,"lower_bound":93004.61011792488,"upper_bound":97750.39285359947},"point_estimate":95065.13525903196,"standard_error":1222.5941574812017},"Median":{"confidence_interval":{"confidence_level":0.95,"lower_bound":90928.1978021978,"upper_bound":93337.33333333333},"point_estimate":91911.06188372756,"standard_error":673.6498048172848},"MedianAbsDev":{"confidence_interval":{"confidence_level":0.95,"lower_bound":3382.3314146381787,"upper_bound":6172.202515694227},"point_estimate":4404.201454656032,"standard_error":766.169264200827},"Slope":{"confidence_interval":{"confidence_level":0.95,"lower_bound":90362.84804696907,"upper_bound":92299.58707485385},"point_estimate":91278.45763558445,"standard_error":495.36809035099369},"StdDev":{"confidence_interval":{"confidence_level":0.95,"lower_bound":5928.582338966972,"upper_bound":18763.41346870848},"point_estimate":12297.754168526879,"standard_error":3884.3022831366035}}