{"Mean":{"confidence_interval":{"confidence_level":0.95,"lower_bound":1392564.1219053118,"upper_bound":1447022.846192725},"point_estimate":1415798.1259368307,"standard_error":14067.814322155116},"Median":{"confidence_interval":{"confidence_level":0.95,"lower_bound":1378193.9926960939,"upper_bound":1393163.238095238},"point_estimate":1385413.572385204,"standard_error":4431.306342082851},"MedianAbsDev":{"confidence_interval":{"confidence_level":0.95,"lower_bound":19632.421108570223,"upper_bound":35782.04438884364},"point_estimate":27288.9737057023,"standard_error":4436.545300931978},"Slope":{"confidence_interval":{"confidence_level":0.95,"lower_bound":1382300.1421364644,"upper_bound":1398077.2282197874},"point_estimate":1389482.7355696765,"standard_error":4034.2036552183519},"StdDev":{"confidence_interval":{"confidence_level":0.95,"lower_bound":44802.02952107967,"upper_bound":211906.22434814485},"point_estimate":141100.33411205997,"standard_error":45090.26438589573}}