{"Mean":{"confidence_interval":{"confidence_level":0.95,"lower_bound":113152.38938640742,"upper_bound":117665.6220640827},"point_estimate":115125.38959832443,"standard_error":1160.076823944757},"Median":{"confidence_interval":{"confidence_level":0.95,"lower_bound":111806.13526660044,"upper_bound":113452.78518518519},"point_estimate":112653.39087599953,"standard_error":409.61485447174268},"MedianAbsDev":{"confidence_interval":{"confidence_level":0.95,"lower_bound":3061.0617891009794,"upper_bound":5308.644416066384},"point_estimate":4074.4324192170317,"standard_error":552.4252783594865},"Slope":{"confidence_interval":{"confidence_level":0.95,"lower_bound":110717.48149095419,"upper_bound":112110.91123995545},"point_estimate":111400.55879743198,"standard_error":355.4657518622703},"StdDev":{"confidence_interval":{"confidence_level":0.95,"lower_bound":5450.385248912384,"upper_bound":17458.65582127603},"point_estimate":11618.412152348696,"standard_error":3338.085189269801}}