{"Mean":{"confidence_interval":{"confidence_level":0.95,"lower_bound":56706.684673184696,"upper_bound":70425.37657014531},"point_estimate":61580.67837929925,"standard_error":4034.831297197692},"Median":{"confidence_interval":{"confidence_level":0.95,"lower_bound":56526.11145510836,"upper_bound":57338.76666666667},"point_estimate":57004.518222884086,"standard_error":182.5508786164331},"MedianAbsDev":{"confidence_interval":{"confidence_level":0.95,"lower_bound":1288.1003476346344,"upper_bound":3107.9103093721334},"point_estimate":2233.870808723216,"standard_error":513.7420478398659},"Slope":{"confidence_interval":{"confidence_level":0.95,"lower_bound":57064.836359630026,"upper_bound":61181.5817046916},"point_estimate":58691.38990046854,"standard_error":1086.9861285719667},"StdDev":{"confidence_interval":{"confidence_level":0.95,"lower_bound":2929.7943845896168,"upper_bound":69040.8913039459},"point_estimate":40529.25951539055,"standard_error":22617.53499007753}}