{"Mean":{"confidence_interval":{"confidence_level":0.95,"lower_bound":56770.04959190675,"upper_bound":59090.293505673006},"point_estimate":57797.89897124391,"standard_error":595.0679873693207},"Median":{"confidence_interval":{"confidence_level":0.95,"lower_bound":55990.00569259962,"upper_bound":57104.04159239453},"point_estimate":56541.18356652124,"standard_error":257.64571607228319},"MedianAbsDev":{"confidence_interval":{"confidence_level":0.95,"lower_bound":1388.0387123766414,"upper_bound":2217.548877577413},"point_estimate":1798.5325718305676,"standard_error":211.31855746408173},"Slope":{"confidence_interval":{"confidence_level":0.95,"lower_bound":56535.88478325644,"upper_bound":57866.947196486144},"point_estimate":57085.05205869314,"standard_error":347.16272501272388},"StdDev":{"confidence_interval":{"confidence_level":0.95,"lower_bound":2823.3410110307925,"upper_bound":8751.53756525766},"point_estimate":5963.944419800565,"standard_error":1551.9477974613388}}