{"Mean":{"confidence_interval":{"confidence_level":0.95,"lower_bound":5601710.158360734,"upper_bound":5915483.372579552},"point_estimate":5764567.493093674,"standard_error":80085.67184927063},"Median":{"confidence_interval":{"confidence_level":0.95,"lower_bound":5764974.28,"upper_bound":6086385.968253968},"point_estimate":5862275.49578841,"standard_error":78540.07893384627},"MedianAbsDev":{"confidence_interval":{"confidence_level":0.95,"lower_bound":411276.92799015258,"upper_bound":773115.3139120552},"point_estimate":537180.5398859882,"standard_error":93627.70867485297},"Slope":{"confidence_interval":{"confidence_level":0.95,"lower_bound":6225194.842822449,"upper_bound":6368307.502681894},"point_estimate":6303046.192959953,"standard_error":36463.94174035454},"StdDev":{"confidence_interval":{"confidence_level":0.95,"lower_bound":640011.9900876357,"upper_bound":941908.1300431055},"point_estimate":805216.1971984976,"standard_error":77258.4885349998}}