{"Mean":{"confidence_interval":{"confidence_level":0.95,"lower_bound":115668.46946853605,"upper_bound":129312.38152148307},"point_estimate":121018.91067507191,"standard_error":3625.169983912568},"Median":{"confidence_interval":{"confidence_level":0.95,"lower_bound":113256.02888888889,"upper_bound":115797.03174603175},"point_estimate":114023.20422170422,"standard_error":618.8912411153881},"MedianAbsDev":{"confidence_interval":{"confidence_level":0.95,"lower_bound":3703.9999600040048,"upper_bound":6938.8371659004619},"point_estimate":4785.688301374785,"standard_error":871.9211725295805},"Slope":{"confidence_interval":{"confidence_level":0.95,"lower_bound":112483.93460952024,"upper_bound":137424.81641256895},"point_estimate":120882.28730932795,"standard_error":7137.321508164175},"StdDev":{"confidence_interval":{"confidence_level":0.95,"lower_bound":6940.654211248506,"upper_bound":60008.372039798065},"point_estimate":36473.78407295265,"standard_error":15953.45517726371}}