{"Mean":{"confidence_interval":{"confidence_level":0.95,"lower_bound":153711.66404445648,"upper_bound":162509.64930528325},"point_estimate":157608.36248759036,"standard_error":2258.120688613137},"Median":{"confidence_interval":{"confidence_level":0.95,"lower_bound":149971.3786574871,"upper_bound":154895.07407407408},"point_estimate":151755.87417547668,"standard_error":1199.6034193930707},"MedianAbsDev":{"confidence_interval":{"confidence_level":0.95,"lower_bound":5912.758771787112,"upper_bound":9733.95314290211},"point_estimate":7391.2266071268809,"standard_error":939.4156807366542},"Slope":{"confidence_interval":{"confidence_level":0.95,"lower_bound":149989.7127931802,"upper_bound":155095.16847353374},"point_estimate":152225.4459536828,"standard_error":1310.3754797843513},"StdDev":{"confidence_interval":{"confidence_level":0.95,"lower_bound":10791.981962926482,"upper_bound":33523.26741653877},"point_estimate":22703.520285495397,"standard_error":6014.881886796678}}