{"Mean":{"confidence_interval":{"confidence_level":0.95,"lower_bound":128821.92437838548,"upper_bound":134669.91608063284},"point_estimate":131682.93738011833,"standard_error":1486.5457184922307},"Median":{"confidence_interval":{"confidence_level":0.95,"lower_bound":130313.03463203463,"upper_bound":135154.84777517565},"point_estimate":133669.05894308946,"standard_error":1223.1545999277785},"MedianAbsDev":{"confidence_interval":{"confidence_level":0.95,"lower_bound":7107.123961823295,"upper_bound":12582.342646181673},"point_estimate":9552.560372682454,"standard_error":1416.4169642448524},"Slope":{"confidence_interval":{"confidence_level":0.95,"lower_bound":135445.82617260444,"upper_bound":141416.72015850244},"point_estimate":138204.98212628513,"standard_error":1530.4925443422929},"StdDev":{"confidence_interval":{"confidence_level":0.95,"lower_bound":11189.863615911328,"upper_bound":18476.656658593274},"point_estimate":14935.526918073429,"standard_error":1873.157909209158}}