{"Mean":{"confidence_interval":{"confidence_level":0.95,"lower_bound":77637.77765165548,"upper_bound":79089.94868452732},"point_estimate":78300.50790845152,"standard_error":371.99508301005178},"Median":{"confidence_interval":{"confidence_level":0.95,"lower_bound":77219.27840236687,"upper_bound":78191.68047337278},"point_estimate":77549.07242581775,"standard_error":250.04630019436076},"MedianAbsDev":{"confidence_interval":{"confidence_level":0.95,"lower_bound":1367.0771129134978,"upper_bound":2305.9251710275887},"point_estimate":1808.914393701911,"standard_error":243.84977608417183},"Slope":{"confidence_interval":{"confidence_level":0.95,"lower_bound":77112.08746040777,"upper_bound":77994.10436306993},"point_estimate":77555.98280092303,"standard_error":225.34850779255323},"StdDev":{"confidence_interval":{"confidence_level":0.95,"lower_bound":2100.068143398143,"upper_bound":5250.820393226608},"point_estimate":3739.289982661043,"standard_error":817.0878827110021}}