{"Mean":{"confidence_interval":{"confidence_level":0.95,"lower_bound":1293771.2582327005,"upper_bound":1320568.0433299475},"point_estimate":1307107.7860068905,"standard_error":6825.800560997593},"Median":{"confidence_interval":{"confidence_level":0.95,"lower_bound":1306995.8310767248,"upper_bound":1331832.25},"point_estimate":1323071.344642857,"standard_error":7071.050145828387},"MedianAbsDev":{"confidence_interval":{"confidence_level":0.95,"lower_bound":31430.129508570273,"upper_bound":59974.86481362152},"point_estimate":41216.515887548405,"standard_error":7569.864805845941},"Slope":{"confidence_interval":{"confidence_level":0.95,"lower_bound":1336682.822434944,"upper_bound":1350140.7349136016},"point_estimate":1343204.9158829614,"standard_error":3441.5077233120707},"StdDev":{"confidence_interval":{"confidence_level":0.95,"lower_bound":53580.26353819428,"upper_bound":82448.83522047072},"point_estimate":68415.71738151839,"standard_error":7383.745879069003}}