{"Mean":{"confidence_interval":{"confidence_level":0.95,"lower_bound":132119.30957845739,"upper_bound":136195.7054743986},"point_estimate":133991.73534519395,"standard_error":1047.1825777918455},"Median":{"confidence_interval":{"confidence_level":0.95,"lower_bound":129311.27663934426,"upper_bound":133198.76889534883},"point_estimate":130822.51293706295,"standard_error":1033.7694973473466},"MedianAbsDev":{"confidence_interval":{"confidence_level":0.95,"lower_bound":4108.144271571593,"upper_bound":8225.692004658096},"point_estimate":5679.192061889633,"standard_error":1069.0115656472509},"Slope":{"confidence_interval":{"confidence_level":0.95,"lower_bound":128596.01277939849,"upper_bound":130315.05649873703},"point_estimate":129411.50006206591,"standard_error":437.3069760989081},"StdDev":{"confidence_interval":{"confidence_level":0.95,"lower_bound":6771.848422252518,"upper_bound":14652.352344826584},"point_estimate":10534.938509078454,"standard_error":2219.6582004516296}}