{"Mean":{"confidence_interval":{"confidence_level":0.95,"lower_bound":128.64799424751468,"upper_bound":134.12119142047059},"point_estimate":131.1373341552419,"standard_error":1.401266025718007},"Median":{"confidence_interval":{"confidence_level":0.95,"lower_bound":125.54054067031595,"upper_bound":130.56679589110105},"point_estimate":127.59809914254271,"standard_error":1.5116686295003268},"MedianAbsDev":{"confidence_interval":{"confidence_level":0.95,"lower_bound":6.459000300371342,"upper_bound":10.58229588568229},"point_estimate":8.468448676949084,"standard_error":1.0725687068929653},"Slope":{"confidence_interval":{"confidence_level":0.95,"lower_bound":124.60675195350132,"upper_bound":127.09731791363628},"point_estimate":125.81017615043409,"standard_error":0.6354721758512577},"StdDev":{"confidence_interval":{"confidence_level":0.95,"lower_bound":8.31622608758313,"upper_bound":20.170826386045545},"point_estimate":14.09615702248903,"standard_error":3.3133473661423205}}