{"Mean":{"confidence_interval":{"confidence_level":0.95,"lower_bound":74582.39066311244,"upper_bound":76311.08191693959},"point_estimate":75367.6815949966,"standard_error":444.4403755470527},"Median":{"confidence_interval":{"confidence_level":0.95,"lower_bound":74238.17530906594,"upper_bound":74984.44598214286},"point_estimate":74463.57085681614,"standard_error":195.70864007805265},"MedianAbsDev":{"confidence_interval":{"confidence_level":0.95,"lower_bound":1377.6982654453896,"upper_bound":2437.413362548043},"point_estimate":1760.9116486326723,"standard_error":270.797724773828},"Slope":{"confidence_interval":{"confidence_level":0.95,"lower_bound":73612.31219349396,"upper_bound":74294.3335353775},"point_estimate":73959.14127530664,"standard_error":174.35631917853565},"StdDev":{"confidence_interval":{"confidence_level":0.95,"lower_bound":2373.4820945250355,"upper_bound":6332.2234226895329},"point_estimate":4457.9508014928519,"standard_error":1035.603838696392}}