{"Mean":{"confidence_interval":{"confidence_level":0.95,"lower_bound":74331.40434254287,"upper_bound":76480.6223374933},"point_estimate":75266.58502152463,"standard_error":552.8636019894096},"Median":{"confidence_interval":{"confidence_level":0.95,"lower_bound":73800.62264150943,"upper_bound":74827.82625482626},"point_estimate":74255.97238756615,"standard_error":241.3757104048679},"MedianAbsDev":{"confidence_interval":{"confidence_level":0.95,"lower_bound":1435.2609598472766,"upper_bound":2356.55071158628},"point_estimate":1897.1458595133589,"standard_error":233.2337687603113},"Slope":{"confidence_interval":{"confidence_level":0.95,"lower_bound":73329.20877613563,"upper_bound":74165.1590644388},"point_estimate":73750.04987206824,"standard_error":213.72080620961084},"StdDev":{"confidence_interval":{"confidence_level":0.95,"lower_bound":2423.192026820391,"upper_bound":8308.613138859437},"point_estimate":5546.627268825468,"standard_error":1557.1974401472883}}