{"Mean":{"confidence_interval":{"confidence_level":0.95,"lower_bound":133275.43130442935,"upper_bound":138934.7359979673},"point_estimate":135744.49134458806,"standard_error":1454.1728561603746},"Median":{"confidence_interval":{"confidence_level":0.95,"lower_bound":130782.89959016393,"upper_bound":133149.50403225807},"point_estimate":132263.33447327047,"standard_error":601.4981918978128},"MedianAbsDev":{"confidence_interval":{"confidence_level":0.95,"lower_bound":3536.3640565958528,"upper_bound":6484.69642178537},"point_estimate":4914.806937644474,"standard_error":759.9923952705854},"Slope":{"confidence_interval":{"confidence_level":0.95,"lower_bound":129847.69137844784,"upper_bound":131559.0178271649},"point_estimate":130651.63633183095,"standard_error":437.448670240088},"StdDev":{"confidence_interval":{"confidence_level":0.95,"lower_bound":7061.119785510589,"upper_bound":21753.35344509394},"point_estimate":14506.644533631728,"standard_error":4168.861223160121}}