{"Mean":{"confidence_interval":{"confidence_level":0.95,"lower_bound":22493.370047887198,"upper_bound":23218.866140180835},"point_estimate":22827.313211423374,"standard_error":185.63125144228827},"Median":{"confidence_interval":{"confidence_level":0.95,"lower_bound":22018.725988700564,"upper_bound":22599.228291316525},"point_estimate":22177.023937728936,"standard_error":181.28753277709937},"MedianAbsDev":{"confidence_interval":{"confidence_level":0.95,"lower_bound":697.0159668190419,"upper_bound":1257.4587634341584},"point_estimate":932.9471933947498,"standard_error":144.4909085664739},"Slope":{"confidence_interval":{"confidence_level":0.95,"lower_bound":21923.660114877042,"upper_bound":22306.09701837328},"point_estimate":22103.657469371672,"standard_error":97.4959994221873},"StdDev":{"confidence_interval":{"confidence_level":0.95,"lower_bound":1179.3728537024065,"upper_bound":2615.748071944244},"point_estimate":1872.0387684705136,"standard_error":406.5895727045325}}