{"Mean":{"confidence_interval":{"confidence_level":0.95,"lower_bound":292802.48223059016,"upper_bound":298698.99274286287},"point_estimate":295787.4781920217,"standard_error":1502.558565531756},"Median":{"confidence_interval":{"confidence_level":0.95,"lower_bound":294632.2081930415,"upper_bound":301772.3985507246},"point_estimate":299137.546474359,"standard_error":1867.6452037623695},"MedianAbsDev":{"confidence_interval":{"confidence_level":0.95,"lower_bound":8535.193588133443,"upper_bound":14469.47493098023},"point_estimate":11137.896664687038,"standard_error":1513.9665487122218},"Slope":{"confidence_interval":{"confidence_level":0.95,"lower_bound":302756.2242808322,"upper_bound":304924.5179119075},"point_estimate":303938.76299788188,"standard_error":553.8068603263344},"StdDev":{"confidence_interval":{"confidence_level":0.95,"lower_bound":10817.092208185215,"upper_bound":19094.91785327418},"point_estimate":15071.796879267906,"standard_error":2116.310584705}}