{"Mean":{"confidence_interval":{"confidence_level":0.95,"lower_bound":172846.51288761296,"upper_bound":183487.96212572218},"point_estimate":177669.55816311009,"standard_error":2724.5917193522375},"Median":{"confidence_interval":{"confidence_level":0.95,"lower_bound":168058.43406593408,"upper_bound":174209.42142857144},"point_estimate":170225.94745704608,"standard_error":1704.6805512299339},"MedianAbsDev":{"confidence_interval":{"confidence_level":0.95,"lower_bound":10335.6384175286,"upper_bound":19639.504372691346},"point_estimate":14373.218918189597,"standard_error":2473.7293986070915},"Slope":{"confidence_interval":{"confidence_level":0.95,"lower_bound":162296.80406485874,"upper_bound":167090.03396488229},"point_estimate":164652.05715847919,"standard_error":1220.6251451671058},"StdDev":{"confidence_interval":{"confidence_level":0.95,"lower_bound":16701.505650213097,"upper_bound":38667.28646349876},"point_estimate":27276.5867150633,"standard_error":6243.212709646847}}