{"Mean":{"confidence_interval":{"confidence_level":0.95,"lower_bound":5323867.952289151,"upper_bound":5722233.985979682},"point_estimate":5530826.796788867,"standard_error":101705.21422018328},"Median":{"confidence_interval":{"confidence_level":0.95,"lower_bound":5645689.324324325,"upper_bound":5898833.12244898},"point_estimate":5777043.49494499,"standard_error":63614.42440274832},"MedianAbsDev":{"confidence_interval":{"confidence_level":0.95,"lower_bound":444172.9415108263,"upper_bound":921930.3629628989},"point_estimate":708438.8518968897,"standard_error":121173.49147645029},"Slope":{"confidence_interval":{"confidence_level":0.95,"lower_bound":6107100.026133836,"upper_bound":6262565.732096846},"point_estimate":6191557.94534949,"standard_error":39673.323955191336},"StdDev":{"confidence_interval":{"confidence_level":0.95,"lower_bound":800211.3588562399,"upper_bound":1203840.9367629598},"point_estimate":1022735.7254895414,"standard_error":102922.92219202269}}