{"Mean":{"confidence_interval":{"confidence_level":0.95,"lower_bound":94603.44882754708,"upper_bound":98372.06034932236},"point_estimate":96530.97591225388,"standard_error":961.793386257645},"Median":{"confidence_interval":{"confidence_level":0.95,"lower_bound":97963.33040584416,"upper_bound":100508.51199256718},"point_estimate":98861.24307189543,"standard_error":723.3734128337129},"MedianAbsDev":{"confidence_interval":{"confidence_level":0.95,"lower_bound":4465.884119539698,"upper_bound":9295.629357131746},"point_estimate":6639.41546633978,"standard_error":1256.7498702702195},"Slope":{"confidence_interval":{"confidence_level":0.95,"lower_bound":100476.8305973287,"upper_bound":102447.95565045343},"point_estimate":101479.43162524014,"standard_error":503.4316914670008},"StdDev":{"confidence_interval":{"confidence_level":0.95,"lower_bound":7940.73567380311,"upper_bound":11191.532170067874},"point_estimate":9678.091241946295,"standard_error":829.2385362265967}}