{"Mean":{"confidence_interval":{"confidence_level":0.95,"lower_bound":160578.5395319746,"upper_bound":167839.019414928},"point_estimate":163885.58822762857,"standard_error":1860.0982892036826},"Median":{"confidence_interval":{"confidence_level":0.95,"lower_bound":157597.40740740743,"upper_bound":162237.0170921033},"point_estimate":160343.14033189033,"standard_error":1112.4224976724218},"MedianAbsDev":{"confidence_interval":{"confidence_level":0.95,"lower_bound":6797.014300097745,"upper_bound":11946.90608029134},"point_estimate":8537.991973572674,"standard_error":1304.9914766422574},"Slope":{"confidence_interval":{"confidence_level":0.95,"lower_bound":156299.8906759113,"upper_bound":159746.8945675583},"point_estimate":157982.69958496063,"standard_error":879.5231645305548},"StdDev":{"confidence_interval":{"confidence_level":0.95,"lower_bound":10607.798859189523,"upper_bound":26712.393776886853},"point_estimate":18803.826660154347,"standard_error":4313.271447292042}}