{"Mean":{"confidence_interval":{"confidence_level":0.95,"lower_bound":110855.86041959113,"upper_bound":113827.7178821824},"point_estimate":112222.23674135468,"standard_error":757.5877032884635},"Median":{"confidence_interval":{"confidence_level":0.95,"lower_bound":109690.10379273504,"upper_bound":111970.98157894737},"point_estimate":110876.37164203613,"standard_error":604.2478870138656},"MedianAbsDev":{"confidence_interval":{"confidence_level":0.95,"lower_bound":3518.440412652839,"upper_bound":5195.311451364615},"point_estimate":4325.387753682692,"standard_error":425.9413842359318},"Slope":{"confidence_interval":{"confidence_level":0.95,"lower_bound":108904.0828747355,"upper_bound":110272.00605923393},"point_estimate":109562.22698271022,"standard_error":348.32748419318366},"StdDev":{"confidence_interval":{"confidence_level":0.95,"lower_bound":4488.5048659554499,"upper_bound":10573.37486183054},"point_estimate":7645.752130519711,"standard_error":1576.5952005921734}}