{"Mean":{"confidence_interval":{"confidence_level":0.95,"lower_bound":135118.84509469753,"upper_bound":139151.54886780962},"point_estimate":137037.6707939824,"standard_error":1032.2754637878487},"Median":{"confidence_interval":{"confidence_level":0.95,"lower_bound":132648.3794642857,"upper_bound":135950.351010101},"point_estimate":134152.95057245386,"standard_error":831.5050736716029},"MedianAbsDev":{"confidence_interval":{"confidence_level":0.95,"lower_bound":4708.392501030485,"upper_bound":8248.998788819672},"point_estimate":6438.379358495689,"standard_error":869.6392039296953},"Slope":{"confidence_interval":{"confidence_level":0.95,"lower_bound":131354.41560581287,"upper_bound":133557.73343149166},"point_estimate":132412.71572003843,"standard_error":562.5226765115652},"StdDev":{"confidence_interval":{"confidence_level":0.95,"lower_bound":7838.617406522994,"upper_bound":12485.585936179787},"point_estimate":10366.360622487331,"standard_error":1184.634781909583}}