{"Mean":{"confidence_interval":{"confidence_level":0.95,"lower_bound":22129.308855072544,"upper_bound":23030.21267380908},"point_estimate":22547.90883289986,"standard_error":231.31456142292249},"Median":{"confidence_interval":{"confidence_level":0.95,"lower_bound":21595.279116065634,"upper_bound":22140.481958000593},"point_estimate":21915.964603867928,"standard_error":145.80961002644708},"MedianAbsDev":{"confidence_interval":{"confidence_level":0.95,"lower_bound":805.7729845705794,"upper_bound":1316.0706821386546},"point_estimate":1061.3193551091579,"standard_error":127.34224096306895},"Slope":{"confidence_interval":{"confidence_level":0.95,"lower_bound":21449.40947109015,"upper_bound":21836.41759580493},"point_estimate":21635.405601737333,"standard_error":98.76389002460795},"StdDev":{"confidence_interval":{"confidence_level":0.95,"lower_bound":1509.17767238193,"upper_bound":3015.9682737220689},"point_estimate":2313.8244803083377,"standard_error":386.09222712475988}}