{"Mean":{"confidence_interval":{"confidence_level":0.95,"lower_bound":423323.1058266397,"upper_bound":469597.08482902197},"point_estimate":446851.44050977719,"standard_error":11822.631422045491},"Median":{"confidence_interval":{"confidence_level":0.95,"lower_bound":452154.5833333333,"upper_bound":528443.125},"point_estimate":496564.37495862299,"standard_error":22238.832560602634},"MedianAbsDev":{"confidence_interval":{"confidence_level":0.95,"lower_bound":56967.36451889995,"upper_bound":159911.97197797828},"point_estimate":95694.15824467887,"standard_error":27514.252111701113},"Slope":{"confidence_interval":{"confidence_level":0.95,"lower_bound":521200.7568640745,"upper_bound":540668.0704697705},"point_estimate":531743.0913536279,"standard_error":4974.533935707395},"StdDev":{"confidence_interval":{"confidence_level":0.95,"lower_bound":107143.60932689453,"upper_bound":127315.75308259602},"point_estimate":118713.99123184514,"standard_error":5145.894900946025}}