{"Mean":{"confidence_interval":{"confidence_level":0.95,"lower_bound":112561.87119151894,"upper_bound":116548.3766577603},"point_estimate":114369.25184959173,"standard_error":1022.5786320437492},"Median":{"confidence_interval":{"confidence_level":0.95,"lower_bound":110753.40729885057,"upper_bound":113672.27708333334},"point_estimate":111706.95602134147,"standard_error":918.1404523220201},"MedianAbsDev":{"confidence_interval":{"confidence_level":0.95,"lower_bound":3935.9430965758808,"upper_bound":6762.441508562142},"point_estimate":5070.3967223779659,"standard_error":691.1724512874567},"Slope":{"confidence_interval":{"confidence_level":0.95,"lower_bound":110480.38486825433,"upper_bound":112348.07055219801},"point_estimate":111371.04020245308,"standard_error":474.3744655630128},"StdDev":{"confidence_interval":{"confidence_level":0.95,"lower_bound":5827.283501569186,"upper_bound":14791.101194315335},"point_estimate":10301.80288916282,"standard_error":2400.4087853672619}}