{"Mean":{"confidence_interval":{"confidence_level":0.95,"lower_bound":77360.91147398979,"upper_bound":79166.3446209858},"point_estimate":78196.71117993845,"standard_error":461.35436616645299},"Median":{"confidence_interval":{"confidence_level":0.95,"lower_bound":76819.30769230769,"upper_bound":78000.45371577575},"point_estimate":77424.47987005452,"standard_error":268.72280240333159},"MedianAbsDev":{"confidence_interval":{"confidence_level":0.95,"lower_bound":1992.2875029027039,"upper_bound":3558.8355670375128},"point_estimate":2730.1886178383176,"standard_error":393.2325676964951},"Slope":{"confidence_interval":{"confidence_level":0.95,"lower_bound":75879.50335159952,"upper_bound":77169.70185949383},"point_estimate":76514.04441099908,"standard_error":329.1727183196626},"StdDev":{"confidence_interval":{"confidence_level":0.95,"lower_bound":2997.508918592946,"upper_bound":6409.481857469702},"point_estimate":4632.5326764203659,"standard_error":947.3979522108099}}