{"Mean":{"confidence_interval":{"confidence_level":0.95,"lower_bound":7609.745532557266,"upper_bound":7957.756813669284},"point_estimate":7785.029156715452,"standard_error":88.68427092206956},"Median":{"confidence_interval":{"confidence_level":0.95,"lower_bound":7702.245380635624,"upper_bound":8104.14709787306},"point_estimate":7991.685468194344,"standard_error":102.01177716465445},"MedianAbsDev":{"confidence_interval":{"confidence_level":0.95,"lower_bound":739.681276710261,"upper_bound":1194.6609899487708},"point_estimate":984.9563720145096,"standard_error":117.20772404287894},"Slope":{"confidence_interval":{"confidence_level":0.95,"lower_bound":7780.86710281246,"upper_bound":8149.639421031488},"point_estimate":7969.493055418392,"standard_error":93.89827491263562},"StdDev":{"confidence_interval":{"confidence_level":0.95,"lower_bound":779.3094106723517,"upper_bound":990.9350426145715},"point_estimate":891.3954424264804,"standard_error":53.91192986457928}}