{"Mean":{"confidence_interval":{"confidence_level":0.95,"lower_bound":55623.00088362332,"upper_bound":58029.949848330725},"point_estimate":56675.45448194394,"standard_error":620.832891233393},"Median":{"confidence_interval":{"confidence_level":0.95,"lower_bound":54662.670096021946,"upper_bound":55721.9943287037},"point_estimate":55148.9750937172,"standard_error":236.9298748598582},"MedianAbsDev":{"confidence_interval":{"confidence_level":0.95,"lower_bound":1319.2255565891197,"upper_bound":2349.2236517831395},"point_estimate":1955.7890293981746,"standard_error":270.4376353512562},"Slope":{"confidence_interval":{"confidence_level":0.95,"lower_bound":55256.68006124338,"upper_bound":57679.88806978546},"point_estimate":56249.307902566376,"standard_error":633.3176558287871},"StdDev":{"confidence_interval":{"confidence_level":0.95,"lower_bound":2879.1501469264646,"upper_bound":9417.859461670534},"point_estimate":6230.826312649595,"standard_error":1831.1222722859193}}