{"Mean":{"confidence_interval":{"confidence_level":0.95,"lower_bound":6183617.522881124,"upper_bound":6594912.865732119},"point_estimate":6397212.238862916,"standard_error":104974.55428579067},"Median":{"confidence_interval":{"confidence_level":0.95,"lower_bound":6402261.04,"upper_bound":6806061.673675115},"point_estimate":6630225.990990991,"standard_error":105219.52356624598},"MedianAbsDev":{"confidence_interval":{"confidence_level":0.95,"lower_bound":637148.9037187643,"upper_bound":1003674.0979873554},"point_estimate":845048.626105373,"standard_error":95972.34393909836},"Slope":{"confidence_interval":{"confidence_level":0.95,"lower_bound":7002651.95792996,"upper_bound":7180591.13299893},"point_estimate":7099733.856754839,"standard_error":45464.13922346209},"StdDev":{"confidence_interval":{"confidence_level":0.95,"lower_bound":834205.4530501702,"upper_bound":1238814.22710611},"point_estimate":1054695.371905178,"standard_error":103544.0779239235}}