{"Mean":{"confidence_interval":{"confidence_level":0.95,"lower_bound":75293.24999475946,"upper_bound":78408.72902495152},"point_estimate":76564.14948867884,"standard_error":816.2235848191688},"Median":{"confidence_interval":{"confidence_level":0.95,"lower_bound":74956.82087912088,"upper_bound":75664.27346153846},"point_estimate":75287.68187500001,"standard_error":205.50648565152489},"MedianAbsDev":{"confidence_interval":{"confidence_level":0.95,"lower_bound":1648.0400764771308,"upper_bound":3196.325325378861},"point_estimate":2732.170494040698,"standard_error":394.28541252617449},"Slope":{"confidence_interval":{"confidence_level":0.95,"lower_bound":74078.58704536545,"upper_bound":75051.14680291474},"point_estimate":74567.87644362347,"standard_error":248.2752288587658},"StdDev":{"confidence_interval":{"confidence_level":0.95,"lower_bound":2748.977951607029,"upper_bound":13218.670025188836},"point_estimate":8211.133367094784,"standard_error":3262.6015811594727}}