{"Mean":{"confidence_interval":{"confidence_level":0.95,"lower_bound":126038.2064638128,"upper_bound":130455.13297288948},"point_estimate":128298.49917275414,"standard_error":1125.7195299425053},"Median":{"confidence_interval":{"confidence_level":0.95,"lower_bound":129610.34771671827,"upper_bound":133199.97074468086},"point_estimate":130949.19064735828,"standard_error":1007.0841203302318},"MedianAbsDev":{"confidence_interval":{"confidence_level":0.95,"lower_bound":6023.010286502273,"upper_bound":11265.316222466909},"point_estimate":8779.269402410811,"standard_error":1372.1518870796888},"Slope":{"confidence_interval":{"confidence_level":0.95,"lower_bound":132711.32867492276,"upper_bound":135453.53663256364},"point_estimate":134099.40559295109,"standard_error":697.4541900441158},"StdDev":{"confidence_interval":{"confidence_level":0.95,"lower_bound":9327.18879980576,"upper_bound":13059.093471788388},"point_estimate":11298.78443350127,"standard_error":956.9500177458809}}