{"Mean":{"confidence_interval":{"confidence_level":0.95,"lower_bound":129787.90230251846,"upper_bound":137332.02957974003},"point_estimate":132984.04510225226,"standard_error":1948.532022886739},"Median":{"confidence_interval":{"confidence_level":0.95,"lower_bound":127530.35416666666,"upper_bound":130808.15972222222},"point_estimate":128506.83202658303,"standard_error":990.7017443018585},"MedianAbsDev":{"confidence_interval":{"confidence_level":0.95,"lower_bound":4568.2037359227119,"upper_bound":7901.04132057529},"point_estimate":6048.508729172656,"standard_error":878.3392552004669},"Slope":{"confidence_interval":{"confidence_level":0.95,"lower_bound":127167.70891045146,"upper_bound":129850.20800748402},"point_estimate":128412.16867925225,"standard_error":684.801999674755},"StdDev":{"confidence_interval":{"confidence_level":0.95,"lower_bound":7912.503394279077,"upper_bound":30641.112414408206},"point_estimate":19643.158108830237,"standard_error":6782.039941569797}}