{"Mean":{"confidence_interval":{"confidence_level":0.95,"lower_bound":1475511.06825428,"upper_bound":1522338.8666681778},"point_estimate":1497692.0807639375,"standard_error":11957.110095572056},"Median":{"confidence_interval":{"confidence_level":0.95,"lower_bound":1438572.5712266816,"upper_bound":1464168.5539405687},"point_estimate":1446430.4549418605,"standard_error":6862.540640937564},"MedianAbsDev":{"confidence_interval":{"confidence_level":0.95,"lower_bound":25430.100176211155,"upper_bound":61806.68771216365},"point_estimate":42348.25879401434,"standard_error":9065.786949882116},"Slope":{"confidence_interval":{"confidence_level":0.95,"lower_bound":1434659.9362817882,"upper_bound":1447311.6986672329},"point_estimate":1440504.0403487513,"standard_error":3223.684720409698},"StdDev":{"confidence_interval":{"confidence_level":0.95,"lower_bound":87250.69758188032,"upper_bound":148467.09631730224},"point_estimate":120669.15636478423,"standard_error":15694.878766331783}}