{"Mean":{"confidence_interval":{"confidence_level":0.95,"lower_bound":88424.21537709041,"upper_bound":93132.17784046894},"point_estimate":90442.57997703414,"standard_error":1217.4286979525753},"Median":{"confidence_interval":{"confidence_level":0.95,"lower_bound":86623.23379629629,"upper_bound":88588.32527111873},"point_estimate":87551.55838178295,"standard_error":515.9123850461659},"MedianAbsDev":{"confidence_interval":{"confidence_level":0.95,"lower_bound":2195.0276757363487,"upper_bound":3977.777116885398},"point_estimate":2854.5207705721247,"standard_error":475.91656976003977},"Slope":{"confidence_interval":{"confidence_level":0.95,"lower_bound":87215.02133210868,"upper_bound":94107.74972503243},"point_estimate":89635.2223695877,"standard_error":1922.3110854392024},"StdDev":{"confidence_interval":{"confidence_level":0.95,"lower_bound":4273.487181142833,"upper_bound":18964.532825968137},"point_estimate":12254.972264321861,"standard_error":3936.875689385704}}