{"Mean":{"confidence_interval":{"confidence_level":0.95,"lower_bound":112736.84602037435,"upper_bound":115571.83282662454},"point_estimate":114051.37374597848,"standard_error":723.6380997013283},"Median":{"confidence_interval":{"confidence_level":0.95,"lower_bound":112380.26100156494,"upper_bound":113882.25876322751},"point_estimate":113267.64633925745,"standard_error":377.49439337235688},"MedianAbsDev":{"confidence_interval":{"confidence_level":0.95,"lower_bound":2864.0890440134219,"upper_bound":4969.579641317771},"point_estimate":4080.994727785276,"standard_error":511.4722972106976},"Slope":{"confidence_interval":{"confidence_level":0.95,"lower_bound":110826.80962574155,"upper_bound":112423.25125774583},"point_estimate":111628.82765840764,"standard_error":408.82362721317517},"StdDev":{"confidence_interval":{"confidence_level":0.95,"lower_bound":4428.596917254321,"upper_bound":9745.383339564869},"point_estimate":7301.663174477929,"standard_error":1354.3957557718689}}