{"Mean":{"confidence_interval":{"confidence_level":0.95,"lower_bound":12254.652834396642,"upper_bound":12778.506164968041},"point_estimate":12495.672881261622,"standard_error":134.55231398658487},"Median":{"confidence_interval":{"confidence_level":0.95,"lower_bound":11960.29573934837,"upper_bound":12287.37870619946},"point_estimate":12091.401423946772,"standard_error":72.60886313458933},"MedianAbsDev":{"confidence_interval":{"confidence_level":0.95,"lower_bound":454.6098959294507,"upper_bound":885.4085999713562},"point_estimate":634.348358909282,"standard_error":111.1661236502963},"Slope":{"confidence_interval":{"confidence_level":0.95,"lower_bound":11887.904125759604,"upper_bound":12067.409023420618},"point_estimate":11974.270516089988,"standard_error":45.79786426019267},"StdDev":{"confidence_interval":{"confidence_level":0.95,"lower_bound":849.3219431699869,"upper_bound":1880.849689257968},"point_estimate":1352.0043234399796,"standard_error":278.3435900168391}}