{"Mean":{"confidence_interval":{"confidence_level":0.95,"lower_bound":278123.1266230412,"upper_bound":287004.13796558536},"point_estimate":282676.7545366378,"standard_error":2271.5088579553},"Median":{"confidence_interval":{"confidence_level":0.95,"lower_bound":288917.0724637681,"upper_bound":295081.26470588237},"point_estimate":292401.6872754175,"standard_error":1609.5109607824969},"MedianAbsDev":{"confidence_interval":{"confidence_level":0.95,"lower_bound":8006.122224529594,"upper_bound":20128.30988946024},"point_estimate":12555.10288594177,"standard_error":3097.0422068150407},"Slope":{"confidence_interval":{"confidence_level":0.95,"lower_bound":275548.0559663578,"upper_bound":287961.7926431566},"point_estimate":281777.8559381311,"standard_error":3165.690694196266},"StdDev":{"confidence_interval":{"confidence_level":0.95,"lower_bound":19962.62138118709,"upper_bound":25147.19401885207},"point_estimate":22815.590018220395,"standard_error":1321.1219226450228}}