{"Mean":{"confidence_interval":{"confidence_level":0.95,"lower_bound":127.76369390014966,"upper_bound":131.71876614193625},"point_estimate":129.63078117973209,"standard_error":1.0107188569583883},"Median":{"confidence_interval":{"confidence_level":0.95,"lower_bound":126.0220082227555,"upper_bound":128.50797388727245},"point_estimate":127.70592100381502,"standard_error":0.6731517914462151},"MedianAbsDev":{"confidence_interval":{"confidence_level":0.95,"lower_bound":3.942275726156112,"upper_bound":7.117718944393131},"point_estimate":5.0823790381587499,"standard_error":0.787240577383287},"Slope":{"confidence_interval":{"confidence_level":0.95,"lower_bound":125.30272335209408,"upper_bound":127.29825455194016},"point_estimate":126.29680550732718,"standard_error":0.50937484005386},"StdDev":{"confidence_interval":{"confidence_level":0.95,"lower_bound":7.033470123407311,"upper_bound":12.836801674860367},"point_estimate":10.136391107497192,"standard_error":1.4808443577104267}}