{"Mean":{"confidence_interval":{"confidence_level":0.95,"lower_bound":7689.104322738082,"upper_bound":7983.877492685018},"point_estimate":7837.173304687894,"standard_error":75.19470475144114},"Median":{"confidence_interval":{"confidence_level":0.95,"lower_bound":7695.427777777778,"upper_bound":8102.482699275362},"point_estimate":7877.456651606426,"standard_error":102.92296060307577},"MedianAbsDev":{"confidence_interval":{"confidence_level":0.95,"lower_bound":584.5142241481146,"upper_bound":971.644248281422},"point_estimate":749.1131484512529,"standard_error":97.1021875273062},"Slope":{"confidence_interval":{"confidence_level":0.95,"lower_bound":7828.108173091025,"upper_bound":8075.680063845865},"point_estimate":7952.628073075218,"standard_error":62.929347493352398},"StdDev":{"confidence_interval":{"confidence_level":0.95,"lower_bound":655.0622659062059,"upper_bound":845.7128714643181},"point_estimate":756.1750152588138,"standard_error":48.723420786412258}}