{"Mean":{"confidence_interval":{"confidence_level":0.95,"lower_bound":124.8416385989729,"upper_bound":129.6823542618286},"point_estimate":127.00832587983747,"standard_error":1.2455962473209752},"Median":{"confidence_interval":{"confidence_level":0.95,"lower_bound":122.65929705215419,"upper_bound":125.99414733858994},"point_estimate":124.51980047680002,"standard_error":0.7992598912929697},"MedianAbsDev":{"confidence_interval":{"confidence_level":0.95,"lower_bound":4.921188135546711,"upper_bound":8.25110358408563},"point_estimate":6.77697575255313,"standard_error":0.8811813627610803},"Slope":{"confidence_interval":{"confidence_level":0.95,"lower_bound":122.30180623668928,"upper_bound":124.25459293243843},"point_estimate":123.23727593737185,"standard_error":0.49709562032082185},"StdDev":{"confidence_interval":{"confidence_level":0.95,"lower_bound":6.341939776303856,"upper_bound":18.369162690949485},"point_estimate":12.508655757737572,"standard_error":3.238902976874355}}