{"Mean":{"confidence_interval":{"confidence_level":0.95,"lower_bound":130547.11544188386,"upper_bound":135925.30274154069},"point_estimate":133298.77012556044,"standard_error":1374.0447182852916},"Median":{"confidence_interval":{"confidence_level":0.95,"lower_bound":134977.4532489052,"upper_bound":139906.7380952381},"point_estimate":137758.15461121157,"standard_error":1200.5097680458835},"MedianAbsDev":{"confidence_interval":{"confidence_level":0.95,"lower_bound":5749.777824106385,"upper_bound":11656.72969234107},"point_estimate":8072.802132766071,"standard_error":1482.4759948358756},"Slope":{"confidence_interval":{"confidence_level":0.95,"lower_bound":138698.25069946899,"upper_bound":142163.6126342737},"point_estimate":140402.308309654,"standard_error":884.1758103865014},"StdDev":{"confidence_interval":{"confidence_level":0.95,"lower_bound":11241.380407117964,"upper_bound":16170.183292074642},"point_estimate":13860.424081200223,"standard_error":1255.9562629095897}}