{"Mean":{"confidence_interval":{"confidence_level":0.95,"lower_bound":284687.40479797069,"upper_bound":289195.15302499828},"point_estimate":286824.5070130654,"standard_error":1150.9267013591526},"Median":{"confidence_interval":{"confidence_level":0.95,"lower_bound":281410.3538539554,"upper_bound":283968.7833333333},"point_estimate":282683.87403519605,"standard_error":625.0079234351824},"MedianAbsDev":{"confidence_interval":{"confidence_level":0.95,"lower_bound":3415.1456232145817,"upper_bound":6275.955831095147},"point_estimate":4594.723784959598,"standard_error":695.3205234079189},"Slope":{"confidence_interval":{"confidence_level":0.95,"lower_bound":280270.35665870035,"upper_bound":281788.9252045431},"point_estimate":280995.4820644303,"standard_error":386.11063814445336},"StdDev":{"confidence_interval":{"confidence_level":0.95,"lower_bound":8645.590332301816,"upper_bound":13896.326308481775},"point_estimate":11559.800615745713,"standard_error":1343.801172599287}}