{"Mean":{"confidence_interval":{"confidence_level":0.95,"lower_bound":962659.1727045263,"upper_bound":1029286.5403456811},"point_estimate":990868.8030271287,"standard_error":17157.1840505007},"Median":{"confidence_interval":{"confidence_level":0.95,"lower_bound":936449.6801686217,"upper_bound":953333.3720930233},"point_estimate":946255.2805047694,"standard_error":4502.787601926471},"MedianAbsDev":{"confidence_interval":{"confidence_level":0.95,"lower_bound":21666.61763947291,"upper_bound":41486.288877143306},"point_estimate":30175.07794744985,"standard_error":5116.294136101339},"Slope":{"confidence_interval":{"confidence_level":0.95,"lower_bound":928399.7038995915,"upper_bound":937548.656536435},"point_estimate":932616.8868937491,"standard_error":2340.5775312029006},"StdDev":{"confidence_interval":{"confidence_level":0.95,"lower_bound":65663.92579518132,"upper_bound":268507.84601868738},"point_estimate":172354.49133673887,"standard_error":57433.04135213214}}