{"Mean":{"confidence_interval":{"confidence_level":0.95,"lower_bound":1232.7689512790178,"upper_bound":1272.651237236926},"point_estimate":1251.1651732581846,"standard_error":10.20337190276743},"Median":{"confidence_interval":{"confidence_level":0.95,"lower_bound":1207.8289609294482,"upper_bound":1246.9933121515688},"point_estimate":1225.7394788321709,"standard_error":10.808895541902612},"MedianAbsDev":{"confidence_interval":{"confidence_level":0.95,"lower_bound":45.5904500194729,"upper_bound":75.22150628630794},"point_estimate":62.27657669702611,"standard_error":7.3971439837861789},"Slope":{"confidence_interval":{"confidence_level":0.95,"lower_bound":1198.1811687944833,"upper_bound":1217.3059201884658},"point_estimate":1207.038496587383,"standard_error":4.884730924191296},"StdDev":{"confidence_interval":{"confidence_level":0.95,"lower_bound":64.42556092320352,"upper_bound":141.37674384315745},"point_estimate":102.69921675178097,"standard_error":20.504404455920129}}