{"Mean":{"confidence_interval":{"confidence_level":0.95,"lower_bound":263.0018712214426,"upper_bound":277.8710646663165},"point_estimate":269.77959674739926,"standard_error":3.8130048219651146},"Median":{"confidence_interval":{"confidence_level":0.95,"lower_bound":256.95030995787428,"upper_bound":263.87832829046899},"point_estimate":260.3083311142158,"standard_error":1.7605357332087548},"MedianAbsDev":{"confidence_interval":{"confidence_level":0.95,"lower_bound":8.823321760728835,"upper_bound":15.007627155886518},"point_estimate":12.791630103037319,"standard_error":1.6547020169086633},"Slope":{"confidence_interval":{"confidence_level":0.95,"lower_bound":255.5411817807987,"upper_bound":259.52915440291988},"point_estimate":257.47347244842578,"standard_error":1.0195170012919206},"StdDev":{"confidence_interval":{"confidence_level":0.95,"lower_bound":20.13120290667695,"upper_bound":52.34715858769602},"point_estimate":38.48843223773393,"standard_error":8.134455879404188}}