{"Mean":{"confidence_interval":{"confidence_level":0.95,"lower_bound":38126.22585317408,"upper_bound":38755.59058058899},"point_estimate":38437.56167994669,"standard_error":161.13063483031949},"Median":{"confidence_interval":{"confidence_level":0.95,"lower_bound":37915.332382133995,"upper_bound":38703.32973733584},"point_estimate":38298.199095022625,"standard_error":195.93506819508407},"MedianAbsDev":{"confidence_interval":{"confidence_level":0.95,"lower_bound":1453.7573255362336,"upper_bound":2182.1816164363406},"point_estimate":1910.2081821782168,"standard_error":189.1838311634249},"Slope":{"confidence_interval":{"confidence_level":0.95,"lower_bound":37803.05861503746,"upper_bound":38518.280542244545},"point_estimate":38157.14492309966,"standard_error":182.18429796296022},"StdDev":{"confidence_interval":{"confidence_level":0.95,"lower_bound":1418.7716419102665,"upper_bound":1797.6061752435538},"point_estimate":1622.5384505617736,"standard_error":96.73419186042269}}