{"Mean":{"confidence_interval":{"confidence_level":0.95,"lower_bound":22882.812417476645,"upper_bound":23528.553932742012},"point_estimate":23191.895880365348,"standard_error":164.81108268611059},"Median":{"confidence_interval":{"confidence_level":0.95,"lower_bound":22421.86721995233,"upper_bound":22920.01968886728},"point_estimate":22623.3332170133,"standard_error":132.85469506684783},"MedianAbsDev":{"confidence_interval":{"confidence_level":0.95,"lower_bound":763.7353575718515,"upper_bound":1422.2629388287617},"point_estimate":1040.2193666272536,"standard_error":163.8186700625972},"Slope":{"confidence_interval":{"confidence_level":0.95,"lower_bound":22296.923017181067,"upper_bound":22624.731454190805},"point_estimate":22452.705078925803,"standard_error":83.56646784125114},"StdDev":{"confidence_interval":{"confidence_level":0.95,"lower_bound":1237.6866678080438,"upper_bound":2018.637123367235},"point_estimate":1650.712302848368,"standard_error":199.6523262706203}}