{"Mean":{"confidence_interval":{"confidence_level":0.95,"lower_bound":141776.88832825935,"upper_bound":146185.99908146225},"point_estimate":143856.51836694315,"standard_error":1126.9604996994559},"Median":{"confidence_interval":{"confidence_level":0.95,"lower_bound":138492.5033451112,"upper_bound":141578.18055555557},"point_estimate":139559.4681031934,"standard_error":898.4637730400051},"MedianAbsDev":{"confidence_interval":{"confidence_level":0.95,"lower_bound":3268.9437625822149,"upper_bound":6999.542798523855},"point_estimate":4896.305839867708,"standard_error":953.9214306521984},"Slope":{"confidence_interval":{"confidence_level":0.95,"lower_bound":137940.66577059165,"upper_bound":139634.1012397072},"point_estimate":138729.7599342397,"standard_error":430.02300017657589},"StdDev":{"confidence_interval":{"confidence_level":0.95,"lower_bound":8022.89462268684,"upper_bound":14611.034536049392},"point_estimate":11317.85632865978,"standard_error":1709.3968354861693}}