{"Mean":{"confidence_interval":{"confidence_level":0.95,"lower_bound":1492259.1318483486,"upper_bound":1527384.2102260167},"point_estimate":1508534.2491951427,"standard_error":8992.355409323949},"Median":{"confidence_interval":{"confidence_level":0.95,"lower_bound":1469151.2272727274,"upper_bound":1502945.7087412589},"point_estimate":1478991.6676587302,"standard_error":8022.136438016596},"MedianAbsDev":{"confidence_interval":{"confidence_level":0.95,"lower_bound":33409.20714444398,"upper_bound":66326.92838313013},"point_estimate":46622.92726341675,"standard_error":7903.379531814475},"Slope":{"confidence_interval":{"confidence_level":0.95,"lower_bound":1470396.1518768015,"upper_bound":1494197.9196062559},"point_estimate":1481733.9109265553,"standard_error":6103.555259432774},"StdDev":{"confidence_interval":{"confidence_level":0.95,"lower_bound":53945.215950786725,"upper_bound":122369.07762573137},"point_estimate":90430.29697515785,"standard_error":17664.84566727804}}