{"Mean":{"confidence_interval":{"confidence_level":0.95,"lower_bound":1209.8284736671854,"upper_bound":1253.3714100399118},"point_estimate":1230.3544550408613,"standard_error":11.13398039115344},"Median":{"confidence_interval":{"confidence_level":0.95,"lower_bound":1180.84750295858,"upper_bound":1202.8884150956379},"point_estimate":1195.354744355082,"standard_error":6.544639795485557},"MedianAbsDev":{"confidence_interval":{"confidence_level":0.95,"lower_bound":34.39728560807019,"upper_bound":76.00755609445669},"point_estimate":53.40200481979522,"standard_error":10.137801596053006},"Slope":{"confidence_interval":{"confidence_level":0.95,"lower_bound":1179.7159372081426,"upper_bound":1197.2927870388556},"point_estimate":1188.1371936136298,"standard_error":4.480744358632606},"StdDev":{"confidence_interval":{"confidence_level":0.95,"lower_bound":75.90292459681304,"upper_bound":144.09913050566724},"point_estimate":111.6067048665927,"standard_error":17.542288070816885}}