{"Mean":{"confidence_interval":{"confidence_level":0.95,"lower_bound":9497.912420835604,"upper_bound":9957.989186837778},"point_estimate":9695.391763198799,"standard_error":118.89334442209278},"Median":{"confidence_interval":{"confidence_level":0.95,"lower_bound":9310.459995732877,"upper_bound":9557.518587538227},"point_estimate":9420.560756102928,"standard_error":55.793752185016938},"MedianAbsDev":{"confidence_interval":{"confidence_level":0.95,"lower_bound":314.394005754172,"upper_bound":543.3846170777648},"point_estimate":424.6018835103986,"standard_error":60.416014914093548},"Slope":{"confidence_interval":{"confidence_level":0.95,"lower_bound":9323.823478634997,"upper_bound":9454.935998276884},"point_estimate":9386.522222713302,"standard_error":33.414507881855268},"StdDev":{"confidence_interval":{"confidence_level":0.95,"lower_bound":487.5414875852708,"upper_bound":1853.2065293449376},"point_estimate":1197.7197720211705,"standard_error":392.2686298467761}}