{"Mean":{"confidence_interval":{"confidence_level":0.95,"lower_bound":5472.652908756185,"upper_bound":5693.849759338012},"point_estimate":5578.04545540461,"standard_error":56.38692169777898},"Median":{"confidence_interval":{"confidence_level":0.95,"lower_bound":5272.406000389636,"upper_bound":5483.819773706897},"point_estimate":5354.042341341647,"standard_error":44.83990737198044},"MedianAbsDev":{"confidence_interval":{"confidence_level":0.95,"lower_bound":168.29716838634847,"upper_bound":396.97397277617599},"point_estimate":273.82972937719389,"standard_error":53.18749278507294},"Slope":{"confidence_interval":{"confidence_level":0.95,"lower_bound":5320.335836433923,"upper_bound":5483.954062384933},"point_estimate":5396.646836286305,"standard_error":41.69615437208057},"StdDev":{"confidence_interval":{"confidence_level":0.95,"lower_bound":433.31597905363858,"upper_bound":686.4260926687267},"point_estimate":566.7781780804792,"standard_error":64.74030280443627}}