{"Mean":{"confidence_interval":{"confidence_level":0.95,"lower_bound":886248.5891194474,"upper_bound":921916.7367443763},"point_estimate":904593.6772662406,"standard_error":9110.155376389966},"Median":{"confidence_interval":{"confidence_level":0.95,"lower_bound":915993.0729166668,"upper_bound":946510.3429951691},"point_estimate":930585.223880597,"standard_error":8048.938837338103},"MedianAbsDev":{"confidence_interval":{"confidence_level":0.95,"lower_bound":41611.56086785532,"upper_bound":76253.31094440856},"point_estimate":55691.78429197227,"standard_error":8860.942817207742},"Slope":{"confidence_interval":{"confidence_level":0.95,"lower_bound":946414.5591257594,"upper_bound":965647.8751087772},"point_estimate":955782.3283877642,"standard_error":4911.578598609004},"StdDev":{"confidence_interval":{"confidence_level":0.95,"lower_bound":74305.71182118883,"upper_bound":107005.0413784648},"point_estimate":91760.13854578692,"standard_error":8344.60455812965}}