{"Mean":{"confidence_interval":{"confidence_level":0.95,"lower_bound":2245711.295011457,"upper_bound":2252561.3292289038},"point_estimate":2249485.6361652,"standard_error":1763.0368808126414},"Median":{"confidence_interval":{"confidence_level":0.95,"lower_bound":2254825.61627907,"upper_bound":2255579.539130435},"point_estimate":2255226.822554348,"standard_error":204.15443320333606},"MedianAbsDev":{"confidence_interval":{"confidence_level":0.95,"lower_bound":1119.4293858247852,"upper_bound":2461.808742758397},"point_estimate":1735.5310870021604,"standard_error":339.27701499434019},"Slope":{"confidence_interval":{"confidence_level":0.95,"lower_bound":2241236.781056043,"upper_bound":2251373.9664491459},"point_estimate":2246902.2630294074,"standard_error":2602.4234801313607},"StdDev":{"confidence_interval":{"confidence_level":0.95,"lower_bound":9101.993146867235,"upper_bound":24784.939954094792},"point_estimate":17755.95776369832,"standard_error":4020.218284575167}}