{"Mean":{"confidence_interval":{"confidence_level":0.95,"lower_bound":7948.371733152247,"upper_bound":8293.086058696294},"point_estimate":8123.686909558488,"standard_error":88.15184949755718},"Median":{"confidence_interval":{"confidence_level":0.95,"lower_bound":8073.093405177044,"upper_bound":8464.83552369574},"point_estimate":8233.890240975423,"standard_error":106.26660281126873},"MedianAbsDev":{"confidence_interval":{"confidence_level":0.95,"lower_bound":579.9009444910764,"upper_bound":1006.1070376292075},"point_estimate":812.2680101245026,"standard_error":105.57341530583169},"Slope":{"confidence_interval":{"confidence_level":0.95,"lower_bound":7894.782119323553,"upper_bound":8187.018045925208},"point_estimate":8039.54556967637,"standard_error":74.43128379510395},"StdDev":{"confidence_interval":{"confidence_level":0.95,"lower_bound":747.8479691491646,"upper_bound":1004.4468595180072},"point_estimate":884.7325138443929,"standard_error":65.62122053146155}}