{"Mean":{"confidence_interval":{"confidence_level":0.95,"lower_bound":308680.4089780198,"upper_bound":313146.00497754997},"point_estimate":310879.7063100642,"standard_error":1142.24235766406},"Median":{"confidence_interval":{"confidence_level":0.95,"lower_bound":306952.80078125,"upper_bound":310716.39351851856},"point_estimate":308867.07070162837,"standard_error":987.6429781206332},"MedianAbsDev":{"confidence_interval":{"confidence_level":0.95,"lower_bound":7099.745604899679,"upper_bound":12657.2314127764},"point_estimate":9684.52017319661,"standard_error":1481.8732626407924},"Slope":{"confidence_interval":{"confidence_level":0.95,"lower_bound":303950.38452978795,"upper_bound":307090.5098276584},"point_estimate":305451.7363092951,"standard_error":798.1994097096601},"StdDev":{"confidence_interval":{"confidence_level":0.95,"lower_bound":9759.574883722818,"upper_bound":12931.84927358667},"point_estimate":11487.669786724944,"standard_error":809.5405272377722}}