{"Mean":{"confidence_interval":{"confidence_level":0.95,"lower_bound":529990.6909532532,"upper_bound":552428.784575827},"point_estimate":541571.6936230046,"standard_error":5723.257271783177},"Median":{"confidence_interval":{"confidence_level":0.95,"lower_bound":542977.6617647059,"upper_bound":570623.5897435898},"point_estimate":558236.428030303,"standard_error":6267.5609897166609},"MedianAbsDev":{"confidence_interval":{"confidence_level":0.95,"lower_bound":32004.67713784244,"upper_bound":57878.52613268899},"point_estimate":44173.73959076823,"standard_error":6367.4875085546559},"Slope":{"confidence_interval":{"confidence_level":0.95,"lower_bound":543261.3973179032,"upper_bound":572558.2958503375},"point_estimate":558790.3233752032,"standard_error":7490.70388408041},"StdDev":{"confidence_interval":{"confidence_level":0.95,"lower_bound":46537.785179454535,"upper_bound":67144.4808701544},"point_estimate":57465.97585582943,"standard_error":5254.25776011432}}