{"Mean":{"confidence_interval":{"confidence_level":0.95,"lower_bound":6681.580870543912,"upper_bound":6961.085327843049},"point_estimate":6812.0851008252689,"standard_error":71.61349369694263},"Median":{"confidence_interval":{"confidence_level":0.95,"lower_bound":6477.483796659975,"upper_bound":6704.872016460906},"point_estimate":6571.706291335979,"standard_error":52.66536913195244},"MedianAbsDev":{"confidence_interval":{"confidence_level":0.95,"lower_bound":233.7404231851529,"upper_bound":485.095788851596},"point_estimate":333.1143748037308,"standard_error":63.80344779200997},"Slope":{"confidence_interval":{"confidence_level":0.95,"lower_bound":6472.689089476429,"upper_bound":6653.157101087915},"point_estimate":6555.4830935093509,"standard_error":46.195582884716049},"StdDev":{"confidence_interval":{"confidence_level":0.95,"lower_bound":461.2518713592215,"upper_bound":953.1528163536897},"point_estimate":718.7464396355955,"standard_error":127.23710757610655}}