{"Mean":{"confidence_interval":{"confidence_level":0.95,"lower_bound":127.59474361640943,"upper_bound":133.36437563828447},"point_estimate":130.21004542331833,"standard_error":1.4745892244144626},"Median":{"confidence_interval":{"confidence_level":0.95,"lower_bound":124.78225441887799,"upper_bound":128.24864795910077},"point_estimate":127.20022835195636,"standard_error":0.7944641954234512},"MedianAbsDev":{"confidence_interval":{"confidence_level":0.95,"lower_bound":6.148397709142876,"upper_bound":10.68397999147454},"point_estimate":8.752231628244834,"standard_error":1.1986930245153294},"Slope":{"confidence_interval":{"confidence_level":0.95,"lower_bound":123.50286684509386,"upper_bound":126.32019649378538},"point_estimate":124.86592518266426,"standard_error":0.7160689576464113},"StdDev":{"confidence_interval":{"confidence_level":0.95,"lower_bound":8.800687950613709,"upper_bound":21.259295906522536},"point_estimate":14.886017569213374,"standard_error":3.5077697244520524}}