{"Mean":{"confidence_interval":{"confidence_level":0.95,"lower_bound":122602.23808071878,"upper_bound":127546.01736137615},"point_estimate":124903.95006072836,"standard_error":1265.871845462787},"Median":{"confidence_interval":{"confidence_level":0.95,"lower_bound":119256.09595959596,"upper_bound":122857.53549382717},"point_estimate":121846.75524691359,"standard_error":933.639171460271},"MedianAbsDev":{"confidence_interval":{"confidence_level":0.95,"lower_bound":4697.433586893748,"upper_bound":8978.161973531885},"point_estimate":6148.787923300158,"standard_error":1079.1293978840313},"Slope":{"confidence_interval":{"confidence_level":0.95,"lower_bound":119480.51227258418,"upper_bound":121464.32487112332},"point_estimate":120437.72082623188,"standard_error":505.2846342280274},"StdDev":{"confidence_interval":{"confidence_level":0.95,"lower_bound":8365.260954838466,"upper_bound":17020.468331830467},"point_estimate":12806.734001334144,"standard_error":2249.7580233375676}}