{"Mean":{"confidence_interval":{"confidence_level":0.95,"lower_bound":78844.75426010923,"upper_bound":81337.09957249291},"point_estimate":79951.9433863322,"standard_error":642.8825546040162},"Median":{"confidence_interval":{"confidence_level":0.95,"lower_bound":78191.46868686869,"upper_bound":79152.37271241829},"point_estimate":78602.36814692983,"standard_error":250.16320931543044},"MedianAbsDev":{"confidence_interval":{"confidence_level":0.95,"lower_bound":1989.4828221640458,"upper_bound":3238.2932383065347},"point_estimate":2579.3129266355797,"standard_error":306.4134992754872},"Slope":{"confidence_interval":{"confidence_level":0.95,"lower_bound":77495.28484453028,"upper_bound":78396.6202414954},"point_estimate":77939.5966651889,"standard_error":229.41029000326305},"StdDev":{"confidence_interval":{"confidence_level":0.95,"lower_bound":2679.3873796383625,"upper_bound":9554.830987790852},"point_estimate":6470.915773616837,"standard_error":1767.380507478754}}