{"Mean":{"confidence_interval":{"confidence_level":0.95,"lower_bound":117379.20334690094,"upper_bound":120242.28261477949},"point_estimate":118739.06282461227,"standard_error":732.9069641874293},"Median":{"confidence_interval":{"confidence_level":0.95,"lower_bound":116131.57523148148,"upper_bound":118875.60432098765},"point_estimate":118060.93490196078,"standard_error":720.1068224214965},"MedianAbsDev":{"confidence_interval":{"confidence_level":0.95,"lower_bound":4260.748687980521,"upper_bound":6643.898336195933},"point_estimate":5587.844901623804,"standard_error":629.8244474957575},"Slope":{"confidence_interval":{"confidence_level":0.95,"lower_bound":114124.5925251538,"upper_bound":115950.54883341321},"point_estimate":114997.44226031559,"standard_error":466.63570636948767},"StdDev":{"confidence_interval":{"confidence_level":0.95,"lower_bound":5309.372809688106,"upper_bound":9450.44872422982},"point_estimate":7388.046727807489,"standard_error":1076.4057652468369}}