{"Mean":{"confidence_interval":{"confidence_level":0.95,"lower_bound":74910.84435882964,"upper_bound":79885.53398558968},"point_estimate":76852.43966784775,"standard_error":1313.2164602700187},"Median":{"confidence_interval":{"confidence_level":0.95,"lower_bound":74082.9540229885,"upper_bound":75391.13421052632},"point_estimate":74688.79308693082,"standard_error":352.95428861674756},"MedianAbsDev":{"confidence_interval":{"confidence_level":0.95,"lower_bound":1616.9469496343673,"upper_bound":2773.3906061296067},"point_estimate":2129.6024421256277,"standard_error":300.8204923536833},"Slope":{"confidence_interval":{"confidence_level":0.95,"lower_bound":73632.91436554479,"upper_bound":74400.6906431533},"point_estimate":74021.65029909856,"standard_error":195.7291834090961},"StdDev":{"confidence_interval":{"confidence_level":0.95,"lower_bound":2782.1133171602066,"upper_bound":21680.961469494177},"point_estimate":13170.937509355546,"standard_error":5767.088735581568}}