{"Mean":{"confidence_interval":{"confidence_level":0.95,"lower_bound":329353.6414044814,"upper_bound":345918.0404113885},"point_estimate":336218.93420432627,"standard_error":4303.342216646868},"Median":{"confidence_interval":{"confidence_level":0.95,"lower_bound":324956.12750626567,"upper_bound":329746.24345335518},"point_estimate":327643.5289446186,"standard_error":1220.7145684302982},"MedianAbsDev":{"confidence_interval":{"confidence_level":0.95,"lower_bound":6957.275947536306,"upper_bound":11012.277755697805},"point_estimate":8836.38508766433,"standard_error":1017.8324895387025},"Slope":{"confidence_interval":{"confidence_level":0.95,"lower_bound":324964.0826447123,"upper_bound":328215.2469997638},"point_estimate":326639.9195704645,"standard_error":828.3784703714947},"StdDev":{"confidence_interval":{"confidence_level":0.95,"lower_bound":15956.554453084467,"upper_bound":68644.85018635818},"point_estimate":43342.94877580687,"standard_error":16037.882881856993}}