{"Mean":{"confidence_interval":{"confidence_level":0.95,"lower_bound":9964.637842031065,"upper_bound":10328.375118156697},"point_estimate":10124.925069861643,"standard_error":93.29451513723642},"Median":{"confidence_interval":{"confidence_level":0.95,"lower_bound":9812.32805705503,"upper_bound":10090.33322281167},"point_estimate":9969.39979522792,"standard_error":75.17276990443257},"MedianAbsDev":{"confidence_interval":{"confidence_level":0.95,"lower_bound":343.8378406249077,"upper_bound":613.4363121381755},"point_estimate":476.9663205070004,"standard_error":67.29135498238206},"Slope":{"confidence_interval":{"confidence_level":0.95,"lower_bound":9807.392588633902,"upper_bound":9981.187222070695},"point_estimate":9890.80398284662,"standard_error":44.37765268433311},"StdDev":{"confidence_interval":{"confidence_level":0.95,"lower_bound":473.72156029495877,"upper_bound":1412.028666579524},"point_estimate":940.0147001688524,"standard_error":272.3950689156726}}