{"Mean":{"confidence_interval":{"confidence_level":0.95,"lower_bound":77032.82528110933,"upper_bound":78665.15875278104},"point_estimate":77763.6099070503,"standard_error":417.5105085480984},"Median":{"confidence_interval":{"confidence_level":0.95,"lower_bound":76761.03607503607,"upper_bound":77717.7656043956},"point_estimate":77390.54952965753,"standard_error":281.5548402380302},"MedianAbsDev":{"confidence_interval":{"confidence_level":0.95,"lower_bound":1660.9920734123428,"upper_bound":2814.1696353975878},"point_estimate":2317.7602378428534,"standard_error":310.5090575687322},"Slope":{"confidence_interval":{"confidence_level":0.95,"lower_bound":76049.47967262377,"upper_bound":76929.91673603993},"point_estimate":76493.24715895011,"standard_error":224.48665081425487},"StdDev":{"confidence_interval":{"confidence_level":0.95,"lower_bound":2116.6639094727909,"upper_bound":6016.76804873197},"point_estimate":4182.45559134866,"standard_error":1033.4097218355842}}