{"Mean":{"confidence_interval":{"confidence_level":0.95,"lower_bound":5157491.784027516,"upper_bound":5524915.152154962},"point_estimate":5348403.781491177,"standard_error":94139.7338150871},"Median":{"confidence_interval":{"confidence_level":0.95,"lower_bound":5388305.09375,"upper_bound":5724670.299447248},"point_estimate":5582009.052379612,"standard_error":71772.45745118344},"MedianAbsDev":{"confidence_interval":{"confidence_level":0.95,"lower_bound":501994.2936735867,"upper_bound":849929.6010166156},"point_estimate":703566.5114072098,"standard_error":89715.99307107454},"Slope":{"confidence_interval":{"confidence_level":0.95,"lower_bound":5876531.830535127,"upper_bound":6037078.418480098},"point_estimate":5963572.819080833,"standard_error":40856.31108908325},"StdDev":{"confidence_interval":{"confidence_level":0.95,"lower_bound":730412.7669054931,"upper_bound":1124201.726166109},"point_estimate":944610.0107925558,"standard_error":100494.08497051514}}