{"Mean":{"confidence_interval":{"confidence_level":0.95,"lower_bound":22243.699579618653,"upper_bound":22596.91370308136},"point_estimate":22417.855905189797,"standard_error":89.76937588401096},"Median":{"confidence_interval":{"confidence_level":0.95,"lower_bound":22312.148472222223,"upper_bound":22653.58779956427},"point_estimate":22521.067098731386,"standard_error":98.08763911058188},"MedianAbsDev":{"confidence_interval":{"confidence_level":0.95,"lower_bound":627.5400356493964,"upper_bound":1084.919528701789},"point_estimate":963.5522572071612,"standard_error":112.12090417118108},"Slope":{"confidence_interval":{"confidence_level":0.95,"lower_bound":22182.574528500718,"upper_bound":22562.55479298268},"point_estimate":22374.925833604255,"standard_error":96.79675247816599},"StdDev":{"confidence_interval":{"confidence_level":0.95,"lower_bound":736.2038640853932,"upper_bound":1075.0310992463163},"point_estimate":901.3950457806199,"standard_error":87.56322482538949}}