{"Mean":{"confidence_interval":{"confidence_level":0.95,"lower_bound":126396.85795071606,"upper_bound":130407.78992969397},"point_estimate":128245.01859714338,"standard_error":1028.0992576921042},"Median":{"confidence_interval":{"confidence_level":0.95,"lower_bound":124685.51083333334,"upper_bound":125829.16735627178},"point_estimate":125256.78693181818,"standard_error":315.1718856977987},"MedianAbsDev":{"confidence_interval":{"confidence_level":0.95,"lower_bound":2980.552884243039,"upper_bound":5173.567395504923},"point_estimate":4204.627298113636,"standard_error":537.0222042918181},"Slope":{"confidence_interval":{"confidence_level":0.95,"lower_bound":123305.1302215834,"upper_bound":128287.4519023782},"point_estimate":125161.82981047732,"standard_error":1333.3707608344653},"StdDev":{"confidence_interval":{"confidence_level":0.95,"lower_bound":6424.599756330133,"upper_bound":14373.438757040209},"point_estimate":10364.584117709426,"standard_error":2145.379487894123}}