{"Mean":{"confidence_interval":{"confidence_level":0.95,"lower_bound":13482.98979440816,"upper_bound":13866.569994335361},"point_estimate":13657.841066251012,"standard_error":98.33949705669038},"Median":{"confidence_interval":{"confidence_level":0.95,"lower_bound":13325.170442571127,"upper_bound":13499.986301369863},"point_estimate":13398.198792200481,"standard_error":39.59246232260601},"MedianAbsDev":{"confidence_interval":{"confidence_level":0.95,"lower_bound":329.0521209479129,"upper_bound":639.5801812354674},"point_estimate":493.1952121840131,"standard_error":82.47996753882512},"Slope":{"confidence_interval":{"confidence_level":0.95,"lower_bound":13196.087634343507,"upper_bound":13402.652568948195},"point_estimate":13296.466965228112,"standard_error":52.5425880958164},"StdDev":{"confidence_interval":{"confidence_level":0.95,"lower_bound":575.5109057219845,"upper_bound":1404.2845573558314},"point_estimate":990.4655818301321,"standard_error":222.4701488420257}}