{"Mean":{"confidence_interval":{"confidence_level":0.95,"lower_bound":617658.941342885,"upper_bound":638435.1308311584},"point_estimate":627502.6070232674,"standard_error":5304.757682066695},"Median":{"confidence_interval":{"confidence_level":0.95,"lower_bound":602611.0395299145,"upper_bound":618112.8734967623},"point_estimate":609481.1036304666,"standard_error":3996.4249647303229},"MedianAbsDev":{"confidence_interval":{"confidence_level":0.95,"lower_bound":18976.879758725216,"upper_bound":38395.34288071428},"point_estimate":25913.36889356646,"standard_error":4955.264971348331},"Slope":{"confidence_interval":{"confidence_level":0.95,"lower_bound":598076.9474222483,"upper_bound":625128.9786842078},"point_estimate":607937.2525594798,"standard_error":7441.37441779238},"StdDev":{"confidence_interval":{"confidence_level":0.95,"lower_bound":37157.5813250931,"upper_bound":67959.70043152562},"point_estimate":53459.48610816616,"standard_error":7883.912540092288}}