{"Mean":{"confidence_interval":{"confidence_level":0.95,"lower_bound":135069.3859366711,"upper_bound":145808.04639240498},"point_estimate":139906.60539256995,"standard_error":2767.902237606505},"Median":{"confidence_interval":{"confidence_level":0.95,"lower_bound":131066.3725,"upper_bound":133723.8641549158},"point_estimate":132519.6453125,"standard_error":721.5664017663818},"MedianAbsDev":{"confidence_interval":{"confidence_level":0.95,"lower_bound":4885.067493087798,"upper_bound":8363.907020036593},"point_estimate":6657.549500444585,"standard_error":832.1818313257786},"Slope":{"confidence_interval":{"confidence_level":0.95,"lower_bound":130297.36275936205,"upper_bound":140209.18200989456},"point_estimate":134078.14052127975,"standard_error":2645.7427673632257},"StdDev":{"confidence_interval":{"confidence_level":0.95,"lower_bound":13474.296886468645,"upper_bound":39296.18320517744},"point_estimate":27815.90683855057,"standard_error":6598.784037932939}}