{"Mean":{"confidence_interval":{"confidence_level":0.95,"lower_bound":114785.79405041895,"upper_bound":127832.42963465482},"point_estimate":119806.17766882747,"standard_error":3486.2963166072047},"Median":{"confidence_interval":{"confidence_level":0.95,"lower_bound":112761.01851851853,"upper_bound":114252.38746438746},"point_estimate":113867.2926907322,"standard_error":350.2583460853836},"MedianAbsDev":{"confidence_interval":{"confidence_level":0.95,"lower_bound":2905.3278371671428,"upper_bound":4907.052230903416},"point_estimate":4077.8816196622749,"standard_error":483.87072020246378},"Slope":{"confidence_interval":{"confidence_level":0.95,"lower_bound":112517.675478013,"upper_bound":123208.26840737132},"point_estimate":116049.77501042641,"standard_error":3044.8319065025427},"StdDev":{"confidence_interval":{"confidence_level":0.95,"lower_bound":6875.217811079804,"upper_bound":58341.300524307124},"point_estimate":35163.770981318914,"standard_error":16220.990907139663}}