{"Mean":{"confidence_interval":{"confidence_level":0.95,"lower_bound":218696.16558551344,"upper_bound":223656.0652902852},"point_estimate":220967.70848559438,"standard_error":1265.6715576060713},"Median":{"confidence_interval":{"confidence_level":0.95,"lower_bound":217495.2408580184,"upper_bound":220339.70708137717},"point_estimate":218872.97944208614,"standard_error":854.3483896321139},"MedianAbsDev":{"confidence_interval":{"confidence_level":0.95,"lower_bound":4698.439739194739,"upper_bound":8739.238886628731},"point_estimate":6285.740298711753,"standard_error":1027.558273781811},"Slope":{"confidence_interval":{"confidence_level":0.95,"lower_bound":215632.53316771383,"upper_bound":218107.57966143007},"point_estimate":216903.13098980348,"standard_error":632.6213562517163},"StdDev":{"confidence_interval":{"confidence_level":0.95,"lower_bound":7728.536221956418,"upper_bound":17991.54136846016},"point_estimate":12748.07558001119,"standard_error":2822.4075939221659}}