{"Mean":{"confidence_interval":{"confidence_level":0.95,"lower_bound":57152.113330370026,"upper_bound":57872.40960377158},"point_estimate":57510.91322583029,"standard_error":183.89131698333748},"Median":{"confidence_interval":{"confidence_level":0.95,"lower_bound":56738.85098039216,"upper_bound":58005.35294117647},"point_estimate":57167.62654320987,"standard_error":334.69032570573219},"MedianAbsDev":{"confidence_interval":{"confidence_level":0.95,"lower_bound":1770.522557898129,"upper_bound":2743.8615512094499},"point_estimate":2227.5480826656837,"standard_error":246.14028454557735},"Slope":{"confidence_interval":{"confidence_level":0.95,"lower_bound":56679.38872137051,"upper_bound":57564.10830563905},"point_estimate":57105.19293109293,"standard_error":225.74745336529916},"StdDev":{"confidence_interval":{"confidence_level":0.95,"lower_bound":1658.2293765635328,"upper_bound":2005.3584306797234},"point_estimate":1847.0380150384806,"standard_error":88.62296789980458}}