{"Mean":{"confidence_interval":{"confidence_level":0.95,"lower_bound":6916.230242541275,"upper_bound":7222.953915499346},"point_estimate":7054.093217376794,"standard_error":78.39427227294581},"Median":{"confidence_interval":{"confidence_level":0.95,"lower_bound":6744.655637254902,"upper_bound":6914.983170398842},"point_estimate":6832.044783829229,"standard_error":46.81236672666045},"MedianAbsDev":{"confidence_interval":{"confidence_level":0.95,"lower_bound":271.1595757148006,"upper_bound":488.5066423921227},"point_estimate":370.8647481878268,"standard_error":59.46033056965322},"Slope":{"confidence_interval":{"confidence_level":0.95,"lower_bound":6723.498706018838,"upper_bound":7022.3429760346239},"point_estimate":6858.798852628239,"standard_error":76.72373440017185},"StdDev":{"confidence_interval":{"confidence_level":0.95,"lower_bound":462.84434764202026,"upper_bound":1139.581089667822},"point_estimate":788.8212634081843,"standard_error":198.9694993568672}}