{"Mean":{"confidence_interval":{"confidence_level":0.95,"lower_bound":6602.809269332722,"upper_bound":7100.362203808963},"point_estimate":6848.700212207714,"standard_error":127.16578204909108},"Median":{"confidence_interval":{"confidence_level":0.95,"lower_bound":6422.745898359343,"upper_bound":6956.310322647578},"point_estimate":6790.797792694313,"standard_error":131.36211690815697},"MedianAbsDev":{"confidence_interval":{"confidence_level":0.95,"lower_bound":1035.9428190154416,"upper_bound":1602.6568981157798},"point_estimate":1323.5251857005315,"standard_error":147.03273116049025},"Slope":{"confidence_interval":{"confidence_level":0.95,"lower_bound":6537.599953441725,"upper_bound":6974.926604207255},"point_estimate":6750.3898224466879,"standard_error":111.56677716354356},"StdDev":{"confidence_interval":{"confidence_level":0.95,"lower_bound":1117.2538422174976,"upper_bound":1430.9512235241094},"point_estimate":1285.3825417483377,"standard_error":80.06757253159253}}