{"Mean":{"confidence_interval":{"confidence_level":0.95,"lower_bound":653110.0289448642,"upper_bound":691189.9931752263},"point_estimate":670535.7551985646,"standard_error":9711.824063463106},"Median":{"confidence_interval":{"confidence_level":0.95,"lower_bound":679140.8523088023,"upper_bound":695492.5979381444},"point_estimate":690956.9511268344,"standard_error":5444.413257465542},"MedianAbsDev":{"confidence_interval":{"confidence_level":0.95,"lower_bound":20892.686335182076,"upper_bound":55274.57543329563},"point_estimate":31571.90716179375,"standard_error":8878.28720994689},"Slope":{"confidence_interval":{"confidence_level":0.95,"lower_bound":697786.3447196557,"upper_bound":742949.6195498034},"point_estimate":715502.5391975765,"standard_error":12021.1971821614},"StdDev":{"confidence_interval":{"confidence_level":0.95,"lower_bound":58794.24729548065,"upper_bound":141527.24989346864},"point_estimate":97631.4530422963,"standard_error":24199.105000988377}}