{"Mean":{"confidence_interval":{"confidence_level":0.95,"lower_bound":1106453.5024996456,"upper_bound":1194909.0556253447},"point_estimate":1146826.0566603838,"standard_error":22678.03555123719},"Median":{"confidence_interval":{"confidence_level":0.95,"lower_bound":1063619.0980392157,"upper_bound":1094196.7027027028},"point_estimate":1073171.9689369535,"standard_error":7754.334583273045},"MedianAbsDev":{"confidence_interval":{"confidence_level":0.95,"lower_bound":42633.63672858901,"upper_bound":80502.52898933355},"point_estimate":52506.965199229584,"standard_error":9980.2936178975},"Slope":{"confidence_interval":{"confidence_level":0.95,"lower_bound":1043429.1998768686,"upper_bound":1058034.085821672},"point_estimate":1050215.9238628639,"standard_error":3733.9042409181936},"StdDev":{"confidence_interval":{"confidence_level":0.95,"lower_bound":126881.36243136115,"upper_bound":309615.001692424},"point_estimate":228605.3183467452,"standard_error":46919.05477296112}}