{"Mean":{"confidence_interval":{"confidence_level":0.95,"lower_bound":5328509.385323247,"upper_bound":5623397.501721566},"point_estimate":5480960.427115912,"standard_error":75224.36878399081},"Median":{"confidence_interval":{"confidence_level":0.95,"lower_bound":5517006.596126255,"upper_bound":5761171.236842105},"point_estimate":5683648.381695332,"standard_error":62622.03314869488},"MedianAbsDev":{"confidence_interval":{"confidence_level":0.95,"lower_bound":414327.5399720546,"upper_bound":714338.2589855668},"point_estimate":586393.6391010798,"standard_error":78122.21469374527},"Slope":{"confidence_interval":{"confidence_level":0.95,"lower_bound":5900676.461263058,"upper_bound":6034146.797991743},"point_estimate":5973957.0036146,"standard_error":34053.37736111648},"StdDev":{"confidence_interval":{"confidence_level":0.95,"lower_bound":600881.7800492039,"upper_bound":885079.4333703432},"point_estimate":755712.3821012194,"standard_error":72361.3692003931}}