{"Mean":{"confidence_interval":{"confidence_level":0.95,"lower_bound":853316.521308664,"upper_bound":876634.0265200421},"point_estimate":865371.2111677345,"standard_error":5947.7914091518309},"Median":{"confidence_interval":{"confidence_level":0.95,"lower_bound":862845.6833962264,"upper_bound":887955.3725937184},"point_estimate":871804.1457621326,"standard_error":7195.831027369186},"MedianAbsDev":{"confidence_interval":{"confidence_level":0.95,"lower_bound":37532.0032063241,"upper_bound":60282.25949753837},"point_estimate":50911.89881695128,"standard_error":5874.1506777900499},"Slope":{"confidence_interval":{"confidence_level":0.95,"lower_bound":886397.2090513486,"upper_bound":901881.4010585384},"point_estimate":894148.0304728831,"standard_error":3944.590654318634},"StdDev":{"confidence_interval":{"confidence_level":0.95,"lower_bound":45763.404908651115,"upper_bound":72386.73845475412},"point_estimate":59586.07368321265,"standard_error":6817.115541604122}}