{"Mean":{"confidence_interval":{"confidence_level":0.95,"lower_bound":10194.212943253819,"upper_bound":10577.336735587889},"point_estimate":10371.669391513153,"standard_error":97.99112927413786},"Median":{"confidence_interval":{"confidence_level":0.95,"lower_bound":9965.368593865485,"upper_bound":10210.489787234043},"point_estimate":10058.036610414658,"standard_error":60.36564899260513},"MedianAbsDev":{"confidence_interval":{"confidence_level":0.95,"lower_bound":367.9880921772983,"upper_bound":681.6068584332394},"point_estimate":517.2050215346918,"standard_error":79.09141431990114},"Slope":{"confidence_interval":{"confidence_level":0.95,"lower_bound":9884.980206257967,"upper_bound":10035.136875272763},"point_estimate":9956.36298941924,"standard_error":38.358405406524827},"StdDev":{"confidence_interval":{"confidence_level":0.95,"lower_bound":625.245343858213,"upper_bound":1321.4441876012648},"point_estimate":985.4587502857718,"standard_error":180.4542631884555}}