{"Mean":{"confidence_interval":{"confidence_level":0.95,"lower_bound":254.64288778836855,"upper_bound":262.493633528688},"point_estimate":258.32574369406049,"standard_error":2.00856804455548},"Median":{"confidence_interval":{"confidence_level":0.95,"lower_bound":248.83682221333806,"upper_bound":258.4719033446712},"point_estimate":252.8990027902616,"standard_error":2.4347184182944558},"MedianAbsDev":{"confidence_interval":{"confidence_level":0.95,"lower_bound":9.377293452296837,"upper_bound":19.399701019053738},"point_estimate":14.041345376484637,"standard_error":2.5734912321087339},"Slope":{"confidence_interval":{"confidence_level":0.95,"lower_bound":248.18529725144024,"upper_bound":251.75993978314745},"point_estimate":249.90592037601949,"standard_error":0.9150087987030586},"StdDev":{"confidence_interval":{"confidence_level":0.95,"lower_bound":13.856367805117796,"upper_bound":27.329208609872944},"point_estimate":20.213094077476265,"standard_error":3.6972560987362046}}