{"Mean":{"confidence_interval":{"confidence_level":0.95,"lower_bound":147026.75288533415,"upper_bound":150064.74520127549},"point_estimate":148523.78969350144,"standard_error":772.4764762166778},"Median":{"confidence_interval":{"confidence_level":0.95,"lower_bound":144299.88834271715,"upper_bound":149751.6081632653},"point_estimate":147240.98011904764,"standard_error":1301.953405468206},"MedianAbsDev":{"confidence_interval":{"confidence_level":0.95,"lower_bound":6076.172936581696,"upper_bound":10347.10955237191},"point_estimate":8487.82699341324,"standard_error":1178.202032775524},"Slope":{"confidence_interval":{"confidence_level":0.95,"lower_bound":148150.840211448,"upper_bound":151596.59078592919},"point_estimate":149846.15136312779,"standard_error":878.4751743357488},"StdDev":{"confidence_interval":{"confidence_level":0.95,"lower_bound":6767.110494661949,"upper_bound":8549.07561507847},"point_estimate":7737.642166211772,"standard_error":455.00381188669669}}