{"Mean":{"confidence_interval":{"confidence_level":0.95,"lower_bound":1464999.0332744667,"upper_bound":1509760.9727106407},"point_estimate":1485602.3692928532,"standard_error":11461.622467053709},"Median":{"confidence_interval":{"confidence_level":0.95,"lower_bound":1440400.6315789475,"upper_bound":1466628.6238479263},"point_estimate":1454192.02338453,"standard_error":6282.94859893342},"MedianAbsDev":{"confidence_interval":{"confidence_level":0.95,"lower_bound":33152.883576434455,"upper_bound":60461.017348158464},"point_estimate":48533.67535125822,"standard_error":6740.5860622293789},"Slope":{"confidence_interval":{"confidence_level":0.95,"lower_bound":1434467.7669901679,"upper_bound":1451845.147536161},"point_estimate":1442945.8588887247,"standard_error":4427.25450996067},"StdDev":{"confidence_interval":{"confidence_level":0.95,"lower_bound":69800.87223976526,"upper_bound":153088.45997729572},"point_estimate":114919.91231529851,"standard_error":21303.44803636903}}