{"Mean":{"confidence_interval":{"confidence_level":0.95,"lower_bound":129666.11659707625,"upper_bound":137464.31867989669},"point_estimate":133025.074174189,"standard_error":2009.7155909176605},"Median":{"confidence_interval":{"confidence_level":0.95,"lower_bound":127517.27309782608,"upper_bound":130315.79910714286},"point_estimate":128810.70881578948,"standard_error":700.3746534273003},"MedianAbsDev":{"confidence_interval":{"confidence_level":0.95,"lower_bound":4384.831743968581,"upper_bound":7985.463217462648},"point_estimate":6516.584494153884,"standard_error":919.3228237363693},"Slope":{"confidence_interval":{"confidence_level":0.95,"lower_bound":127457.02500858942,"upper_bound":133847.8565781097},"point_estimate":130093.57508829615,"standard_error":1680.2382477701424},"StdDev":{"confidence_interval":{"confidence_level":0.95,"lower_bound":8550.515713210656,"upper_bound":30830.77961676716},"point_estimate":20160.22840632133,"standard_error":6264.396778718711}}