{"Mean":{"confidence_interval":{"confidence_level":0.95,"lower_bound":236575.22917667085,"upper_bound":241921.40816203418},"point_estimate":239253.99759861086,"standard_error":1360.4168298058226},"Median":{"confidence_interval":{"confidence_level":0.95,"lower_bound":238074.9634502924,"upper_bound":242096.38933333333},"point_estimate":239844.76205013653,"standard_error":1191.690051312251},"MedianAbsDev":{"confidence_interval":{"confidence_level":0.95,"lower_bound":6811.214190814691,"upper_bound":11016.437580881911},"point_estimate":8927.126213400812,"standard_error":1044.0692727012545},"Slope":{"confidence_interval":{"confidence_level":0.95,"lower_bound":229872.8760486388,"upper_bound":235017.95079243673},"point_estimate":232542.95853465348,"standard_error":1313.5709388121894},"StdDev":{"confidence_interval":{"confidence_level":0.95,"lower_bound":10506.412128486698,"upper_bound":16483.174543290792},"point_estimate":13645.29257827035,"standard_error":1527.1543825097797}}