{"Mean":{"confidence_interval":{"confidence_level":0.95,"lower_bound":1966.4771968738067,"upper_bound":2025.4827740617409},"point_estimate":1993.3126894474077,"standard_error":15.175694489933575},"Median":{"confidence_interval":{"confidence_level":0.95,"lower_bound":1936.400311452444,"upper_bound":1965.586480749524},"point_estimate":1952.1372085696283,"standard_error":7.252444739258688},"MedianAbsDev":{"confidence_interval":{"confidence_level":0.95,"lower_bound":40.57484370081553,"upper_bound":72.15329173615086},"point_estimate":56.52953607454498,"standard_error":7.9340017215097149},"Slope":{"confidence_interval":{"confidence_level":0.95,"lower_bound":1922.9327003583015,"upper_bound":1941.3347231943683},"point_estimate":1931.479379154009,"standard_error":4.698572872733553},"StdDev":{"confidence_interval":{"confidence_level":0.95,"lower_bound":83.30760836322621,"upper_bound":214.0310107087248},"point_estimate":151.88032184323155,"standard_error":34.0994157265713}}