{"Mean":{"confidence_interval":{"confidence_level":0.95,"lower_bound":164273.39515572648,"upper_bound":172747.16407811258},"point_estimate":168030.80232144678,"standard_error":2178.705938209306},"Median":{"confidence_interval":{"confidence_level":0.95,"lower_bound":160671.04761904764,"upper_bound":165914.55223880599},"point_estimate":162012.7030141844,"standard_error":1159.36124755061},"MedianAbsDev":{"confidence_interval":{"confidence_level":0.95,"lower_bound":7386.486538055573,"upper_bound":12501.85531919718},"point_estimate":8873.32579238865,"standard_error":1249.9954306295413},"Slope":{"confidence_interval":{"confidence_level":0.95,"lower_bound":159990.8818941844,"upper_bound":164168.02763037687},"point_estimate":162016.41609083297,"standard_error":1067.8889691211412},"StdDev":{"confidence_interval":{"confidence_level":0.95,"lower_bound":11833.7437004492,"upper_bound":32201.574552516173},"point_estimate":21834.792261658902,"standard_error":5940.333054175406}}