{"Mean":{"confidence_interval":{"confidence_level":0.95,"lower_bound":263.7482820177413,"upper_bound":275.00614128254326},"point_estimate":268.8436637028532,"standard_error":2.8739222733651927},"Median":{"confidence_interval":{"confidence_level":0.95,"lower_bound":257.0284999570042,"upper_bound":268.0747352110109},"point_estimate":261.8481573286198,"standard_error":2.5530532268426664},"MedianAbsDev":{"confidence_interval":{"confidence_level":0.95,"lower_bound":11.916226178785419,"upper_bound":23.666508409241275},"point_estimate":18.069573956828955,"standard_error":2.6452458463896306},"Slope":{"confidence_interval":{"confidence_level":0.95,"lower_bound":254.26792665619846,"upper_bound":258.72081153004009},"point_estimate":256.34299092469657,"standard_error":1.1420245229443773},"StdDev":{"confidence_interval":{"confidence_level":0.95,"lower_bound":17.5434972556736,"upper_bound":41.395375317743937},"point_estimate":28.903851825173136,"standard_error":6.9286611629717769}}