{"Mean":{"confidence_interval":{"confidence_level":0.95,"lower_bound":128.0244325373849,"upper_bound":133.84675801340056},"point_estimate":130.72512116796114,"standard_error":1.490371198704917},"Median":{"confidence_interval":{"confidence_level":0.95,"lower_bound":124.27084440072143,"upper_bound":128.13934809090183},"point_estimate":126.13988764618763,"standard_error":0.881969892745412},"MedianAbsDev":{"confidence_interval":{"confidence_level":0.95,"lower_bound":5.038445074113968,"upper_bound":9.286930417894413},"point_estimate":6.781704433017286,"standard_error":1.1451546384377159},"Slope":{"confidence_interval":{"confidence_level":0.95,"lower_bound":123.80060044934999,"upper_bound":126.07175216867666},"point_estimate":124.86864890537597,"standard_error":0.5782921202183844},"StdDev":{"confidence_interval":{"confidence_level":0.95,"lower_bound":9.543488048652917,"upper_bound":19.849322467583588},"point_estimate":14.96030871115612,"standard_error":2.6539157329868039}}