{"Mean":{"confidence_interval":{"confidence_level":0.95,"lower_bound":112612.59491780459,"upper_bound":117232.81466233627},"point_estimate":114751.41380928313,"standard_error":1179.2116829191967},"Median":{"confidence_interval":{"confidence_level":0.95,"lower_bound":110530.20202020202,"upper_bound":112933.08450046685},"point_estimate":111142.86347131446,"standard_error":548.1183456467999},"MedianAbsDev":{"confidence_interval":{"confidence_level":0.95,"lower_bound":4758.882037446566,"upper_bound":7678.928508501557},"point_estimate":6482.04335161275,"standard_error":767.7618110803982},"Slope":{"confidence_interval":{"confidence_level":0.95,"lower_bound":109826.68632480806,"upper_bound":111417.68091518765},"point_estimate":110598.17104346256,"standard_error":403.72314013889919},"StdDev":{"confidence_interval":{"confidence_level":0.95,"lower_bound":7434.740633458,"upper_bound":15890.621317649617},"point_estimate":11841.224930367927,"standard_error":2183.8719952892708}}