{"Mean":{"confidence_interval":{"confidence_level":0.95,"lower_bound":357366.8923560434,"upper_bound":369152.74234772569},"point_estimate":362578.9778322896,"standard_error":3024.387637407128},"Median":{"confidence_interval":{"confidence_level":0.95,"lower_bound":355156.56862745099,"upper_bound":357480.8913936109},"point_estimate":356502.75996198,"standard_error":533.4494455636017},"MedianAbsDev":{"confidence_interval":{"confidence_level":0.95,"lower_bound":4661.859043693787,"upper_bound":9149.582917850326},"point_estimate":6976.343461138842,"standard_error":1169.8888203798},"Slope":{"confidence_interval":{"confidence_level":0.95,"lower_bound":354113.80603683626,"upper_bound":357408.9519304891},"point_estimate":355772.0997763657,"standard_error":843.3534743322118},"StdDev":{"confidence_interval":{"confidence_level":0.95,"lower_bound":14058.419345601156,"upper_bound":44611.87547104432},"point_estimate":30412.1235621938,"standard_error":7981.900200445998}}