{"Mean":{"confidence_interval":{"confidence_level":0.95,"lower_bound":1467125.0239999679,"upper_bound":1524326.6858286358},"point_estimate":1493091.8063980239,"standard_error":14711.881254057074},"Median":{"confidence_interval":{"confidence_level":0.95,"lower_bound":1430026.323943662,"upper_bound":1467839.723076923},"point_estimate":1441120.3099226803,"standard_error":9993.301229157254},"MedianAbsDev":{"confidence_interval":{"confidence_level":0.95,"lower_bound":48695.513086984,"upper_bound":96233.58067952776},"point_estimate":64311.0952230773,"standard_error":11830.773997846605},"Slope":{"confidence_interval":{"confidence_level":0.95,"lower_bound":1420295.960213117,"upper_bound":1440039.7253285219},"point_estimate":1429547.1125934683,"standard_error":5048.617191434508},"StdDev":{"confidence_interval":{"confidence_level":0.95,"lower_bound":88520.77438820125,"upper_bound":211439.50679342735},"point_estimate":148394.61844489553,"standard_error":34590.98050541225}}