{"Mean":{"confidence_interval":{"confidence_level":0.95,"lower_bound":57688.38891461898,"upper_bound":59724.75334986234},"point_estimate":58625.246154486595,"standard_error":521.0885052437284},"Median":{"confidence_interval":{"confidence_level":0.95,"lower_bound":56674.729166666664,"upper_bound":57961.75234604106},"point_estimate":57243.57772775424,"standard_error":411.35352170983307},"MedianAbsDev":{"confidence_interval":{"confidence_level":0.95,"lower_bound":1655.280316865691,"upper_bound":2784.393571192129},"point_estimate":2318.7806048212348,"standard_error":296.2054100336509},"Slope":{"confidence_interval":{"confidence_level":0.95,"lower_bound":57068.26126160223,"upper_bound":59824.21870306873},"point_estimate":58117.52858892419,"standard_error":742.180692723084},"StdDev":{"confidence_interval":{"confidence_level":0.95,"lower_bound":3046.839624526869,"upper_bound":7045.110410592545},"point_estimate":5251.84061219362,"standard_error":1023.2755339793017}}