{"Mean":{"confidence_interval":{"confidence_level":0.95,"lower_bound":1402234.9244344866,"upper_bound":1471453.8071646149},"point_estimate":1432669.130843797,"standard_error":17848.911244484814},"Median":{"confidence_interval":{"confidence_level":0.95,"lower_bound":1386714.316747809,"upper_bound":1408574.6173469388},"point_estimate":1396411.0766233768,"standard_error":6338.702633638615},"MedianAbsDev":{"confidence_interval":{"confidence_level":0.95,"lower_bound":26989.747372152073,"upper_bound":45676.84616881069},"point_estimate":36792.10980862754,"standard_error":4690.024276658785},"Slope":{"confidence_interval":{"confidence_level":0.95,"lower_bound":1405511.4390057577,"upper_bound":1515708.836675858},"point_estimate":1451772.5566218415,"standard_error":28927.940529115625},"StdDev":{"confidence_interval":{"confidence_level":0.95,"lower_bound":57221.286247154676,"upper_bound":262040.1779231554},"point_estimate":179684.89161472716,"standard_error":50279.21148203155}}