{"Mean":{"confidence_interval":{"confidence_level":0.95,"lower_bound":1686125.798032577,"upper_bound":1723979.7656070179},"point_estimate":1702760.5297555433,"standard_error":9745.949094826135},"Median":{"confidence_interval":{"confidence_level":0.95,"lower_bound":1689093.2166666669,"upper_bound":1708802.6035361104},"point_estimate":1697572.9188311687,"standard_error":5345.790092081895},"MedianAbsDev":{"confidence_interval":{"confidence_level":0.95,"lower_bound":26510.797645681265,"upper_bound":42411.42927057599},"point_estimate":31735.53339908164,"standard_error":4081.4044947901704},"Slope":{"confidence_interval":{"confidence_level":0.95,"lower_bound":1687566.5724750874,"upper_bound":1713544.4914789368},"point_estimate":1699462.1050687158,"standard_error":6609.950532707712},"StdDev":{"confidence_interval":{"confidence_level":0.95,"lower_bound":46929.13755332119,"upper_bound":149084.74953402504},"point_estimate":97894.39093357047,"standard_error":29792.023569437188}}