{"Mean":{"confidence_interval":{"confidence_level":0.95,"lower_bound":531783.8081724786,"upper_bound":555506.3340326998},"point_estimate":542800.0208049993,"standard_error":6070.433567524928},"Median":{"confidence_interval":{"confidence_level":0.95,"lower_bound":518238.09257871066,"upper_bound":529208.2583812261},"point_estimate":522291.7342995169,"standard_error":3305.6529965150309},"MedianAbsDev":{"confidence_interval":{"confidence_level":0.95,"lower_bound":20417.591120015277,"upper_bound":42423.28341473088},"point_estimate":27371.895205020362,"standard_error":5903.175313937724},"Slope":{"confidence_interval":{"confidence_level":0.95,"lower_bound":511105.42384918898,"upper_bound":522979.4751918858},"point_estimate":516524.01785281518,"standard_error":3030.756049698062},"StdDev":{"confidence_interval":{"confidence_level":0.95,"lower_bound":38966.068459117116,"upper_bound":81003.77196514265},"point_estimate":60849.695103438535,"standard_error":10898.337819298127}}