{"Mean":{"confidence_interval":{"confidence_level":0.95,"lower_bound":148180.70195850495,"upper_bound":158633.03586991278},"point_estimate":152843.0067408947,"standard_error":2687.4978991675409},"Median":{"confidence_interval":{"confidence_level":0.95,"lower_bound":141829.55765920826,"upper_bound":148631.16714285717},"point_estimate":144242.57603041217,"standard_error":1517.4957707762597},"MedianAbsDev":{"confidence_interval":{"confidence_level":0.95,"lower_bound":3876.577651847584,"upper_bound":11535.868707864065},"point_estimate":7270.554307680205,"standard_error":1857.3044859437687},"Slope":{"confidence_interval":{"confidence_level":0.95,"lower_bound":141361.74122841759,"upper_bound":143200.30039198895},"point_estimate":142163.89246131437,"standard_error":469.4740774325498},"StdDev":{"confidence_interval":{"confidence_level":0.95,"lower_bound":11945.25689303725,"upper_bound":38541.360245061485},"point_estimate":26987.965939908605,"standard_error":6688.860467942874}}