{"Mean":{"confidence_interval":{"confidence_level":0.95,"lower_bound":456213.5669450745,"upper_bound":510835.42242470258},"point_estimate":483797.487174627,"standard_error":13939.544664558793},"Median":{"confidence_interval":{"confidence_level":0.95,"lower_bound":469146.1666666667,"upper_bound":578118.0324675324},"point_estimate":541853.3552867384,"standard_error":25301.69244651318},"MedianAbsDev":{"confidence_interval":{"confidence_level":0.95,"lower_bound":78549.38493002631,"upper_bound":213750.1036993581},"point_estimate":116906.5356403765,"standard_error":31249.742745216485},"Slope":{"confidence_interval":{"confidence_level":0.95,"lower_bound":573917.6378122928,"upper_bound":599352.4649341469},"point_estimate":587528.7161785134,"standard_error":6487.905152781562},"StdDev":{"confidence_interval":{"confidence_level":0.95,"lower_bound":127495.62336002974,"upper_bound":149911.72292856125},"point_estimate":140383.25399409334,"standard_error":5711.863049154355}}