{"Mean":{"confidence_interval":{"confidence_level":0.95,"lower_bound":91658.01300402459,"upper_bound":95355.08327153807},"point_estimate":93536.89675701235,"standard_error":940.8933091647998},"Median":{"confidence_interval":{"confidence_level":0.95,"lower_bound":93140.34788732394,"upper_bound":95872.60714759169},"point_estimate":94659.04725063939,"standard_error":763.0696716752727},"MedianAbsDev":{"confidence_interval":{"confidence_level":0.95,"lower_bound":4848.86992543887,"upper_bound":8967.427921007855},"point_estimate":6805.118748509264,"standard_error":1070.7578406430892},"Slope":{"confidence_interval":{"confidence_level":0.95,"lower_bound":96508.10010718688,"upper_bound":99570.97947249015},"point_estimate":97910.76906635141,"standard_error":783.6755343042947},"StdDev":{"confidence_interval":{"confidence_level":0.95,"lower_bound":7273.177451139366,"upper_bound":11402.222917043706},"point_estimate":9419.61838624847,"standard_error":1055.2056757338626}}