{"Mean":{"confidence_interval":{"confidence_level":0.95,"lower_bound":294501.52501430499,"upper_bound":323489.86231353317},"point_estimate":308357.6598303023,"standard_error":7404.955409878305},"Median":{"confidence_interval":{"confidence_level":0.95,"lower_bound":295476.8771264368,"upper_bound":299921.18859649126},"point_estimate":296966.92592592598,"standard_error":1023.3883329788922},"MedianAbsDev":{"confidence_interval":{"confidence_level":0.95,"lower_bound":10214.171228068608,"upper_bound":46449.76470549309},"point_estimate":18207.32772420547,"standard_error":9327.610548728911},"Slope":{"confidence_interval":{"confidence_level":0.95,"lower_bound":309968.9758759191,"upper_bound":352755.43996073739},"point_estimate":330052.32384217527,"standard_error":10922.06448000103},"StdDev":{"confidence_interval":{"confidence_level":0.95,"lower_bound":55395.17359338189,"upper_bound":89470.66730484947},"point_estimate":74391.08952560548,"standard_error":8701.762288850432}}