{"Mean":{"confidence_interval":{"confidence_level":0.95,"lower_bound":165963.829597872,"upper_bound":168644.7205849467},"point_estimate":167147.07576334626,"standard_error":687.3742654289729},"Median":{"confidence_interval":{"confidence_level":0.95,"lower_bound":166076.21710706462,"upper_bound":167495.86130268198},"point_estimate":166740.458424828,"standard_error":358.31805241101577},"MedianAbsDev":{"confidence_interval":{"confidence_level":0.95,"lower_bound":2372.879249848278,"upper_bound":4078.0702770442246},"point_estimate":2914.5506257563959,"standard_error":432.11777944579526},"Slope":{"confidence_interval":{"confidence_level":0.95,"lower_bound":165799.92742600043,"upper_bound":167158.48279352487},"point_estimate":166515.0742992956,"standard_error":346.5006505251098},"StdDev":{"confidence_interval":{"confidence_level":0.95,"lower_bound":3589.448558960997,"upper_bound":10491.495860297488},"point_estimate":6917.516151011949,"standard_error":2083.573016408928}}