{"Mean":{"confidence_interval":{"confidence_level":0.95,"lower_bound":13482.35462172434,"upper_bound":13841.989569290254},"point_estimate":13645.842175067488,"standard_error":92.32714292443862},"Median":{"confidence_interval":{"confidence_level":0.95,"lower_bound":13271.046963171964,"upper_bound":13507.42142658122},"point_estimate":13358.742427696041,"standard_error":61.3147543627083},"MedianAbsDev":{"confidence_interval":{"confidence_level":0.95,"lower_bound":328.9554378829246,"upper_bound":660.4444907263427},"point_estimate":446.6731806808849,"standard_error":85.29640642122264},"Slope":{"confidence_interval":{"confidence_level":0.95,"lower_bound":13238.455546208266,"upper_bound":13421.383194285996},"point_estimate":13325.617009932941,"standard_error":46.656375899385249},"StdDev":{"confidence_interval":{"confidence_level":0.95,"lower_bound":566.2011209652156,"upper_bound":1316.4585926670935},"point_estimate":927.0900238450529,"standard_error":213.13463926847173}}