{"Mean":{"confidence_interval":{"confidence_level":0.95,"lower_bound":124932.59726282896,"upper_bound":128980.42289228425},"point_estimate":126807.37335979016,"standard_error":1033.514673869087},"Median":{"confidence_interval":{"confidence_level":0.95,"lower_bound":122150.76760803824,"upper_bound":125605.52166381348},"point_estimate":123455.80307886558,"standard_error":927.026710381848},"MedianAbsDev":{"confidence_interval":{"confidence_level":0.95,"lower_bound":4146.802348455568,"upper_bound":7891.222905581798},"point_estimate":5658.280509753776,"standard_error":1029.923393838731},"Slope":{"confidence_interval":{"confidence_level":0.95,"lower_bound":121549.9981027495,"upper_bound":123279.60126110357},"point_estimate":122359.56848693826,"standard_error":441.9712066060045},"StdDev":{"confidence_interval":{"confidence_level":0.95,"lower_bound":6804.614661913952,"upper_bound":13955.298494597531},"point_estimate":10402.579424695628,"standard_error":1863.872332081693}}