{"Mean":{"confidence_interval":{"confidence_level":0.95,"lower_bound":78160.07643339804,"upper_bound":93406.15213808159},"point_estimate":84805.10765996279,"standard_error":3938.571884678359},"Median":{"confidence_interval":{"confidence_level":0.95,"lower_bound":74583.91612903225,"upper_bound":77378.3540700961},"point_estimate":75788.02989959839,"standard_error":801.5233569586083},"MedianAbsDev":{"confidence_interval":{"confidence_level":0.95,"lower_bound":4183.370353457595,"upper_bound":7601.454727615962},"point_estimate":5450.2446965888179,"standard_error":866.3213006237222},"Slope":{"confidence_interval":{"confidence_level":0.95,"lower_bound":76872.29972911194,"upper_bound":98290.32438620096},"point_estimate":84955.08154957884,"standard_error":5787.344587626907},"StdDev":{"confidence_interval":{"confidence_level":0.95,"lower_bound":11919.147233277878,"upper_bound":58282.733342547486},"point_estimate":39660.349826091864,"standard_error":11579.42223261626}}