{"Mean":{"confidence_interval":{"confidence_level":0.95,"lower_bound":125.16110327287797,"upper_bound":130.65538649887686},"point_estimate":127.6750525302847,"standard_error":1.4106188070004247},"Median":{"confidence_interval":{"confidence_level":0.95,"lower_bound":123.40922132991705,"upper_bound":126.08364111097582},"point_estimate":124.70688761094826,"standard_error":0.7235708876812903},"MedianAbsDev":{"confidence_interval":{"confidence_level":0.95,"lower_bound":5.866312979843786,"upper_bound":10.088967098455206},"point_estimate":7.905082676288895,"standard_error":1.101058413427773},"Slope":{"confidence_interval":{"confidence_level":0.95,"lower_bound":120.66632537050421,"upper_bound":122.90840701902437},"point_estimate":121.71834902086319,"standard_error":0.5719507662082418},"StdDev":{"confidence_interval":{"confidence_level":0.95,"lower_bound":8.255832388494083,"upper_bound":19.464944072585497},"point_estimate":14.202332824454638,"standard_error":2.9032163188083297}}