{"Mean":{"confidence_interval":{"confidence_level":0.95,"lower_bound":1421081.2116013712,"upper_bound":1461685.1358955482},"point_estimate":1441539.9612256918,"standard_error":10371.614215246886},"Median":{"confidence_interval":{"confidence_level":0.95,"lower_bound":1444905.4305120167,"upper_bound":1468971.0},"point_estimate":1458357.6177464789,"standard_error":6063.518532742052},"MedianAbsDev":{"confidence_interval":{"confidence_level":0.95,"lower_bound":50635.40993658532,"upper_bound":83672.79890337463},"point_estimate":67460.63599461355,"standard_error":8232.648502104306},"Slope":{"confidence_interval":{"confidence_level":0.95,"lower_bound":1481358.6312261993,"upper_bound":1517664.4644597844},"point_estimate":1497412.1579695582,"standard_error":9372.879118413455},"StdDev":{"confidence_interval":{"confidence_level":0.95,"lower_bound":80849.85634164413,"upper_bound":125474.85375182814},"point_estimate":104117.20921678073,"standard_error":11454.214620195313}}