{"Mean":{"confidence_interval":{"confidence_level":0.95,"lower_bound":138940.20006722626,"upper_bound":142490.7313336156},"point_estimate":140456.34408840177,"standard_error":915.3010089458214},"Median":{"confidence_interval":{"confidence_level":0.95,"lower_bound":137508.925,"upper_bound":139742.573828125},"point_estimate":138375.4823987154,"standard_error":626.6063426789036},"MedianAbsDev":{"confidence_interval":{"confidence_level":0.95,"lower_bound":2971.218183578465,"upper_bound":5695.0811256685769},"point_estimate":4175.590289137672,"standard_error":723.6770210279061},"Slope":{"confidence_interval":{"confidence_level":0.95,"lower_bound":136748.47079716877,"upper_bound":138518.1930051843},"point_estimate":137609.24054750999,"standard_error":450.988816581416},"StdDev":{"confidence_interval":{"confidence_level":0.95,"lower_bound":4359.285745713387,"upper_bound":14194.006934551851},"point_estimate":9183.230197535866,"standard_error":3081.8304401939619}}