{"Mean":{"confidence_interval":{"confidence_level":0.95,"lower_bound":57607.28738267517,"upper_bound":59691.62852186519},"point_estimate":58554.74599973561,"standard_error":535.3595476412415},"Median":{"confidence_interval":{"confidence_level":0.95,"lower_bound":57184.663717994306,"upper_bound":58317.88925438596},"point_estimate":57590.09447916667,"standard_error":331.07602313405848},"MedianAbsDev":{"confidence_interval":{"confidence_level":0.95,"lower_bound":1684.176723658704,"upper_bound":2788.307973414304},"point_estimate":2133.564146813677,"standard_error":285.8319188715793},"Slope":{"confidence_interval":{"confidence_level":0.95,"lower_bound":57685.428542575166,"upper_bound":59971.72913067205},"point_estimate":58709.3298834417,"standard_error":585.8970528119601},"StdDev":{"confidence_interval":{"confidence_level":0.95,"lower_bound":3046.4961047370527,"upper_bound":7441.620770208348},"point_estimate":5353.318698818702,"standard_error":1134.2583865396499}}