{"Mean":{"confidence_interval":{"confidence_level":0.95,"lower_bound":72647.34295096783,"upper_bound":79290.01392083823},"point_estimate":75474.80339479914,"standard_error":1714.5192268318945},"Median":{"confidence_interval":{"confidence_level":0.95,"lower_bound":70765.8548136646,"upper_bound":72419.51470588235},"point_estimate":71543.86226190477,"standard_error":395.5545132828141},"MedianAbsDev":{"confidence_interval":{"confidence_level":0.95,"lower_bound":2467.653279797468,"upper_bound":4636.003702715275},"point_estimate":3286.7210365964067,"standard_error":527.0352961522483},"Slope":{"confidence_interval":{"confidence_level":0.95,"lower_bound":71927.0261973797,"upper_bound":73987.56260168698},"point_estimate":72898.54503303849,"standard_error":526.1530527364615},"StdDev":{"confidence_interval":{"confidence_level":0.95,"lower_bound":5060.643539543898,"upper_bound":25861.706975985264},"point_estimate":17188.159132632893,"standard_error":5554.923639751237}}