{"Mean":{"confidence_interval":{"confidence_level":0.95,"lower_bound":407719.6388434933,"upper_bound":426758.0566822149},"point_estimate":416588.3946656617,"standard_error":4864.145809800527},"Median":{"confidence_interval":{"confidence_level":0.95,"lower_bound":397463.32258064518,"upper_bound":401991.82107371799},"point_estimate":399879.6007625272,"standard_error":1367.7466992486419},"MedianAbsDev":{"confidence_interval":{"confidence_level":0.95,"lower_bound":5838.688373007229,"upper_bound":11044.712789315627},"point_estimate":7991.635297142006,"standard_error":1374.7348562699204},"Slope":{"confidence_interval":{"confidence_level":0.95,"lower_bound":396823.4556224159,"upper_bound":400079.7205879233},"point_estimate":398308.69674892866,"standard_error":830.1332824326049},"StdDev":{"confidence_interval":{"confidence_level":0.95,"lower_bound":32550.030532786113,"upper_bound":62385.95335268538},"point_estimate":48901.29787894795,"standard_error":7612.851650768942}}