{"Mean":{"confidence_interval":{"confidence_level":0.95,"lower_bound":134918.9958721612,"upper_bound":139665.61021462567},"point_estimate":137104.19415431526,"standard_error":1220.0516599946753},"Median":{"confidence_interval":{"confidence_level":0.95,"lower_bound":131861.32692307695,"upper_bound":135570.92828832754},"point_estimate":133826.58405923344,"standard_error":856.5991967649951},"MedianAbsDev":{"confidence_interval":{"confidence_level":0.95,"lower_bound":4780.3294498955369,"upper_bound":8752.033208267616},"point_estimate":6734.677327424517,"standard_error":995.5605785316418},"Slope":{"confidence_interval":{"confidence_level":0.95,"lower_bound":130856.9588415749,"upper_bound":132719.5671258034},"point_estimate":131722.1958593173,"standard_error":475.41578140298528},"StdDev":{"confidence_interval":{"confidence_level":0.95,"lower_bound":7215.043132640927,"upper_bound":16912.213353881674},"point_estimate":12303.808500200801,"standard_error":2531.7832249036966}}