{"Mean":{"confidence_interval":{"confidence_level":0.95,"lower_bound":399453.58443958006,"upper_bound":412702.4646432451},"point_estimate":405611.2100906873,"standard_error":3385.9844852932226},"Median":{"confidence_interval":{"confidence_level":0.95,"lower_bound":392622.77282913165,"upper_bound":397232.72228948076},"point_estimate":395126.04761904766,"standard_error":1169.6267277636544},"MedianAbsDev":{"confidence_interval":{"confidence_level":0.95,"lower_bound":6300.309619264894,"upper_bound":11394.545847778685},"point_estimate":8460.066352057922,"standard_error":1258.7219378802802},"Slope":{"confidence_interval":{"confidence_level":0.95,"lower_bound":392040.00059006808,"upper_bound":395818.875763592},"point_estimate":393786.64180385207,"standard_error":965.9141066911063},"StdDev":{"confidence_interval":{"confidence_level":0.95,"lower_bound":22403.397749745087,"upper_bound":44266.65732353892},"point_estimate":34007.9733299956,"standard_error":5609.806421566365}}