{"Mean":{"confidence_interval":{"confidence_level":0.95,"lower_bound":9759.965138884165,"upper_bound":10179.509537373218},"point_estimate":9947.716362442005,"standard_error":107.8804752404381},"Median":{"confidence_interval":{"confidence_level":0.95,"lower_bound":9589.891975881263,"upper_bound":9825.183154761904},"point_estimate":9688.374493797519,"standard_error":64.6205952911099},"MedianAbsDev":{"confidence_interval":{"confidence_level":0.95,"lower_bound":407.85401887883668,"upper_bound":687.1902651332667},"point_estimate":516.0901038342116,"standard_error":68.23419205940442},"Slope":{"confidence_interval":{"confidence_level":0.95,"lower_bound":9518.542630377471,"upper_bound":9669.855969269456},"point_estimate":9591.38031635317,"standard_error":38.52596038265401},"StdDev":{"confidence_interval":{"confidence_level":0.95,"lower_bound":543.268393191824,"upper_bound":1565.8726946727605},"point_estimate":1083.4371897941922,"standard_error":272.37167615558345}}