{"Mean":{"confidence_interval":{"confidence_level":0.95,"lower_bound":1027.509518635675,"upper_bound":1059.560055728543},"point_estimate":1042.2404667225979,"standard_error":8.21595086172972},"Median":{"confidence_interval":{"confidence_level":0.95,"lower_bound":1009.8161071758547,"upper_bound":1029.3017689486824},"point_estimate":1015.5758859564769,"standard_error":5.388731826021764},"MedianAbsDev":{"confidence_interval":{"confidence_level":0.95,"lower_bound":25.518994316729527,"upper_bound":45.43391327164536},"point_estimate":32.667981227687899,"standard_error":5.087616268858111},"Slope":{"confidence_interval":{"confidence_level":0.95,"lower_bound":1002.3143504585845,"upper_bound":1016.4663241518094},"point_estimate":1008.9030823870385,"standard_error":3.6322274004143075},"StdDev":{"confidence_interval":{"confidence_level":0.95,"lower_bound":50.9970400123464,"upper_bound":114.3642055200858},"point_estimate":82.94123519224921,"standard_error":16.87744175308161}}