{"Mean":{"confidence_interval":{"confidence_level":0.95,"lower_bound":22121.743015676133,"upper_bound":22525.098024785915},"point_estimate":22324.129265102787,"standard_error":102.85877282339483},"Median":{"confidence_interval":{"confidence_level":0.95,"lower_bound":22116.720024161885,"upper_bound":22740.386609244903},"point_estimate":22394.115226623642,"standard_error":173.511122510204},"MedianAbsDev":{"confidence_interval":{"confidence_level":0.95,"lower_bound":814.7302544574221,"upper_bound":1427.9289923348179},"point_estimate":1151.7889312242874,"standard_error":159.48028380863483},"Slope":{"confidence_interval":{"confidence_level":0.95,"lower_bound":22455.081665004855,"upper_bound":22799.696902432854},"point_estimate":22633.67117420038,"standard_error":88.069122635055},"StdDev":{"confidence_interval":{"confidence_level":0.95,"lower_bound":913.9666360763775,"upper_bound":1139.8523384026574},"point_estimate":1033.6078301359947,"standard_error":57.4111980766824}}