{"Mean":{"confidence_interval":{"confidence_level":0.95,"lower_bound":112674.81259403813,"upper_bound":116233.9941143288},"point_estimate":114210.44614405773,"standard_error":912.8411770771321},"Median":{"confidence_interval":{"confidence_level":0.95,"lower_bound":111504.97378600823,"upper_bound":113585.51428571428},"point_estimate":112258.3683127572,"standard_error":556.8221445807149},"MedianAbsDev":{"confidence_interval":{"confidence_level":0.95,"lower_bound":3194.4209373128508,"upper_bound":5451.695731531635},"point_estimate":4474.917699650385,"standard_error":539.5387278035139},"Slope":{"confidence_interval":{"confidence_level":0.95,"lower_bound":110907.88837937665,"upper_bound":112384.4079342438},"point_estimate":111648.51404955422,"standard_error":376.58811502796609},"StdDev":{"confidence_interval":{"confidence_level":0.95,"lower_bound":4518.543346615561,"upper_bound":14004.141424107524},"point_estimate":9188.38803026476,"standard_error":2893.7876688265907}}