{"Mean":{"confidence_interval":{"confidence_level":0.95,"lower_bound":153517.7607717205,"upper_bound":158280.25942174323},"point_estimate":155721.93888336645,"standard_error":1221.470149065121},"Median":{"confidence_interval":{"confidence_level":0.95,"lower_bound":151085.27838827839,"upper_bound":152908.8392857143},"point_estimate":152035.6245391705,"standard_error":414.20218921943026},"MedianAbsDev":{"confidence_interval":{"confidence_level":0.95,"lower_bound":3630.5619182733537,"upper_bound":6230.339903279832},"point_estimate":4894.765261608478,"standard_error":629.0186286095333},"Slope":{"confidence_interval":{"confidence_level":0.95,"lower_bound":150153.7268300734,"upper_bound":152013.37553431054},"point_estimate":151029.95639553295,"standard_error":474.73825982539759},"StdDev":{"confidence_interval":{"confidence_level":0.95,"lower_bound":7650.921110759627,"upper_bound":16713.250790313094},"point_estimate":12307.363828425214,"standard_error":2366.921199658211}}