{"Mean":{"confidence_interval":{"confidence_level":0.95,"lower_bound":124.91180592694897,"upper_bound":128.4589187311761},"point_estimate":126.61513696074482,"standard_error":0.9061604452999925},"Median":{"confidence_interval":{"confidence_level":0.95,"lower_bound":123.00086073108072,"upper_bound":126.24366323719724},"point_estimate":124.19561043385977,"standard_error":0.8261278653834554},"MedianAbsDev":{"confidence_interval":{"confidence_level":0.95,"lower_bound":4.682805722314392,"upper_bound":7.848358107435136},"point_estimate":6.326620218240671,"standard_error":0.8210411084712362},"Slope":{"confidence_interval":{"confidence_level":0.95,"lower_bound":122.26471763910142,"upper_bound":124.02223961803911},"point_estimate":123.11612794453653,"standard_error":0.44989760664031627},"StdDev":{"confidence_interval":{"confidence_level":0.95,"lower_bound":6.979175958026627,"upper_bound":10.89153581293164},"point_estimate":9.112646349855027,"standard_error":0.9976808906100714}}