{"Mean":{"confidence_interval":{"confidence_level":0.95,"lower_bound":1444181.4580761702,"upper_bound":1481780.4371695568},"point_estimate":1463588.2255164106,"standard_error":9580.81500676592},"Median":{"confidence_interval":{"confidence_level":0.95,"lower_bound":1462794.6134259259,"upper_bound":1512113.1237113402},"point_estimate":1489233.8970462329,"standard_error":10959.34191152861},"MedianAbsDev":{"confidence_interval":{"confidence_level":0.95,"lower_bound":43002.54612886004,"upper_bound":81251.06748746576},"point_estimate":60434.10634195202,"standard_error":8817.282550758637},"Slope":{"confidence_interval":{"confidence_level":0.95,"lower_bound":1513384.0905532186,"upper_bound":1535498.3671863024},"point_estimate":1524090.1919166544,"standard_error":5646.921878295368},"StdDev":{"confidence_interval":{"confidence_level":0.95,"lower_bound":77134.01269879419,"upper_bound":112763.96294578303},"point_estimate":96322.0442833535,"standard_error":9090.737940245954}}