{"Mean":{"confidence_interval":{"confidence_level":0.95,"lower_bound":132928.55657662717,"upper_bound":138145.20542814458},"point_estimate":135594.56914617989,"standard_error":1335.6387263723946},"Median":{"confidence_interval":{"confidence_level":0.95,"lower_bound":136331.93343051506,"upper_bound":141744.4169435216},"point_estimate":139137.85153292086,"standard_error":1336.1941111422255},"MedianAbsDev":{"confidence_interval":{"confidence_level":0.95,"lower_bound":7150.7503640652689,"upper_bound":13425.042263696394},"point_estimate":9659.098027481661,"standard_error":1565.2670693033275},"Slope":{"confidence_interval":{"confidence_level":0.95,"lower_bound":141380.96321672874,"upper_bound":144061.24141198817},"point_estimate":142726.42001224429,"standard_error":683.7733031791639},"StdDev":{"confidence_interval":{"confidence_level":0.95,"lower_bound":11062.940969189778,"upper_bound":15445.346741909543},"point_estimate":13426.130873047952,"standard_error":1121.066808636368}}