{"Mean":{"confidence_interval":{"confidence_level":0.95,"lower_bound":610970.1509526741,"upper_bound":631589.8462216037},"point_estimate":620639.3125307541,"standard_error":5266.472716807116},"Median":{"confidence_interval":{"confidence_level":0.95,"lower_bound":598131.7391995614,"upper_bound":614281.9121376812},"point_estimate":605238.4752304147,"standard_error":4286.794436506569},"MedianAbsDev":{"confidence_interval":{"confidence_level":0.95,"lower_bound":19336.249923181007,"upper_bound":37575.55611025475},"point_estimate":26169.190496227267,"standard_error":5007.8830523302599},"Slope":{"confidence_interval":{"confidence_level":0.95,"lower_bound":590736.823087272,"upper_bound":600164.9902723576},"point_estimate":595235.5770518694,"standard_error":2406.1198691538454},"StdDev":{"confidence_interval":{"confidence_level":0.95,"lower_bound":35914.14775247081,"upper_bound":69938.6928709837},"point_estimate":52982.443677122355,"standard_error":8890.969893006186}}