{"Mean":{"confidence_interval":{"confidence_level":0.95,"lower_bound":87901.56285815512,"upper_bound":91165.2767547181},"point_estimate":89331.89601670363,"standard_error":836.7086056154052},"Median":{"confidence_interval":{"confidence_level":0.95,"lower_bound":86688.59706959708,"upper_bound":88415.76591435186},"point_estimate":87685.24272486771,"standard_error":367.470036600776},"MedianAbsDev":{"confidence_interval":{"confidence_level":0.95,"lower_bound":2341.193081115809,"upper_bound":4204.670995685165},"point_estimate":3091.3401806733165,"standard_error":469.5078873568706},"Slope":{"confidence_interval":{"confidence_level":0.95,"lower_bound":86906.41520092814,"upper_bound":91456.12771701203},"point_estimate":88603.3794056943,"standard_error":1233.8474968480503},"StdDev":{"confidence_interval":{"confidence_level":0.95,"lower_bound":3408.88456652556,"upper_bound":12668.512251339767},"point_estimate":8384.332825093967,"standard_error":2409.9953938947489}}