{"Mean":{"confidence_interval":{"confidence_level":0.95,"lower_bound":1160629.766440291,"upper_bound":1190845.7405367054},"point_estimate":1176174.232343999,"standard_error":7728.040008143313},"Median":{"confidence_interval":{"confidence_level":0.95,"lower_bound":1170138.8703703704,"upper_bound":1219049.6253426744},"point_estimate":1192294.2125576037,"standard_error":14634.237834429656},"MedianAbsDev":{"confidence_interval":{"confidence_level":0.95,"lower_bound":48971.42885963245,"upper_bound":90816.53979176402},"point_estimate":74672.68386224674,"standard_error":11920.508790916869},"Slope":{"confidence_interval":{"confidence_level":0.95,"lower_bound":1223343.4876577247,"upper_bound":1238309.9766635549},"point_estimate":1231434.0622314173,"standard_error":3815.3780779884384},"StdDev":{"confidence_interval":{"confidence_level":0.95,"lower_bound":62380.73234760693,"upper_bound":93227.8418870673},"point_estimate":77891.745834687,"standard_error":7932.301395837013}}