{"Mean":{"confidence_interval":{"confidence_level":0.95,"lower_bound":143151.73533576737,"upper_bound":148174.76736951454},"point_estimate":145496.049044191,"standard_error":1284.8582139314083},"Median":{"confidence_interval":{"confidence_level":0.95,"lower_bound":140143.815,"upper_bound":142559.19852941179},"point_estimate":140846.171875,"standard_error":541.1451708468228},"MedianAbsDev":{"confidence_interval":{"confidence_level":0.95,"lower_bound":3366.5057839825897,"upper_bound":6445.296639972611},"point_estimate":4398.7048126481099,"standard_error":740.5502449693571},"Slope":{"confidence_interval":{"confidence_level":0.95,"lower_bound":139798.17885480397,"upper_bound":141396.39858862633},"point_estimate":140558.72436382445,"standard_error":407.8383214141673},"StdDev":{"confidence_interval":{"confidence_level":0.95,"lower_bound":8428.684403701052,"upper_bound":17026.706989737344},"point_estimate":12945.033977623529,"standard_error":2203.90341294805}}