{"Mean":{"confidence_interval":{"confidence_level":0.95,"lower_bound":1983.5317186820396,"upper_bound":2047.0343101642985},"point_estimate":2012.9918559587689,"standard_error":16.22658026064008},"Median":{"confidence_interval":{"confidence_level":0.95,"lower_bound":1945.6873531821908,"upper_bound":1990.4448085128429},"point_estimate":1971.1333120883792,"standard_error":12.151128972837569},"MedianAbsDev":{"confidence_interval":{"confidence_level":0.95,"lower_bound":62.21839186863421,"upper_bound":121.71544661099728},"point_estimate":91.05658795082712,"standard_error":15.809798972990185},"Slope":{"confidence_interval":{"confidence_level":0.95,"lower_bound":1924.6196132133048,"upper_bound":1948.1738313708225},"point_estimate":1935.7486846440987,"standard_error":6.009659371725892},"StdDev":{"confidence_interval":{"confidence_level":0.95,"lower_bound":104.64278942047226,"upper_bound":225.92034342425078},"point_estimate":163.6889803526731,"standard_error":32.70570994547955}}