{"Mean":{"confidence_interval":{"confidence_level":0.95,"lower_bound":264.84186046967008,"upper_bound":276.4101436627912},"point_estimate":270.1739441159882,"standard_error":2.969439252372419},"Median":{"confidence_interval":{"confidence_level":0.95,"lower_bound":260.0505405639163,"upper_bound":266.2833801398089},"point_estimate":262.351332594373,"standard_error":1.9002238311307239},"MedianAbsDev":{"confidence_interval":{"confidence_level":0.95,"lower_bound":9.218596837261562,"upper_bound":18.945301980128418},"point_estimate":13.16151593339786,"standard_error":2.445687548898938},"Slope":{"confidence_interval":{"confidence_level":0.95,"lower_bound":255.75731009192897,"upper_bound":260.9027096623608},"point_estimate":258.2466770851155,"standard_error":1.3119065782486852},"StdDev":{"confidence_interval":{"confidence_level":0.95,"lower_bound":17.834668442103067,"upper_bound":42.11077361891952},"point_estimate":29.991660529946075,"standard_error":6.463760037423191}}