{"Mean":{"confidence_interval":{"confidence_level":0.95,"lower_bound":170195.13761405927,"upper_bound":184073.838388709},"point_estimate":175731.63546362183,"standard_error":3667.49919907678},"Median":{"confidence_interval":{"confidence_level":0.95,"lower_bound":165780.45629432624,"upper_bound":169579.39126984127},"point_estimate":166713.37584516564,"standard_error":982.8709949258154},"MedianAbsDev":{"confidence_interval":{"confidence_level":0.95,"lower_bound":4800.144070895954,"upper_bound":9357.665851646007},"point_estimate":6985.325844475413,"standard_error":1107.1480748546742},"Slope":{"confidence_interval":{"confidence_level":0.95,"lower_bound":164821.99862189708,"upper_bound":167256.51634349407},"point_estimate":165968.6975311561,"standard_error":621.7550798305077},"StdDev":{"confidence_interval":{"confidence_level":0.95,"lower_bound":11772.624410000653,"upper_bound":60047.48806347181},"point_estimate":36915.06831743816,"standard_error":15658.692003839422}}