{"Mean":{"confidence_interval":{"confidence_level":0.95,"lower_bound":71165.5169585157,"upper_bound":79186.27314093489},"point_estimate":74366.75981466055,"standard_error":2117.901565220854},"Median":{"confidence_interval":{"confidence_level":0.95,"lower_bound":69633.37048613734,"upper_bound":71462.3892857143},"point_estimate":70157.861309753,"standard_error":512.272380635317},"MedianAbsDev":{"confidence_interval":{"confidence_level":0.95,"lower_bound":2686.456679386812,"upper_bound":4170.605649518986},"point_estimate":3720.103282196099,"standard_error":377.538557614969},"Slope":{"confidence_interval":{"confidence_level":0.95,"lower_bound":71236.05636356524,"upper_bound":87136.1137808624},"point_estimate":77066.1980573793,"standard_error":4361.500729336651},"StdDev":{"confidence_interval":{"confidence_level":0.95,"lower_bound":5898.604278210939,"upper_bound":34529.149270796755},"point_estimate":21223.88916996355,"standard_error":8889.141684030401}}