{"Mean":{"confidence_interval":{"confidence_level":0.95,"lower_bound":33952.849160844045,"upper_bound":34707.47658858135},"point_estimate":34331.69353921268,"standard_error":192.7150368159079},"Median":{"confidence_interval":{"confidence_level":0.95,"lower_bound":33636.84733893557,"upper_bound":35143.925},"point_estimate":34495.06293059777,"standard_error":455.65671636629369},"MedianAbsDev":{"confidence_interval":{"confidence_level":0.95,"lower_bound":1892.7106788637937,"upper_bound":2901.341718990884},"point_estimate":2464.9412194717958,"standard_error":273.9700833946452},"Slope":{"confidence_interval":{"confidence_level":0.95,"lower_bound":34495.55488142647,"upper_bound":35371.99585039267},"point_estimate":34960.777281766554,"standard_error":223.4605424628363},"StdDev":{"confidence_interval":{"confidence_level":0.95,"lower_bound":1756.304290819404,"upper_bound":2084.3588104783605},"point_estimate":1934.1156949380098,"standard_error":83.85219215795326}}