{"Mean":{"confidence_interval":{"confidence_level":0.95,"lower_bound":168509.9027666175,"upper_bound":174960.89586671259},"point_estimate":171384.9746235125,"standard_error":1660.4999393442354},"Median":{"confidence_interval":{"confidence_level":0.95,"lower_bound":165212.60119047619,"upper_bound":170128.61904761906},"point_estimate":167758.0482689211,"standard_error":1266.872005146608},"MedianAbsDev":{"confidence_interval":{"confidence_level":0.95,"lower_bound":6249.580037658868,"upper_bound":10706.666632318082},"point_estimate":7959.1868791125,"standard_error":1184.0379334541534},"Slope":{"confidence_interval":{"confidence_level":0.95,"lower_bound":164704.66848601076,"upper_bound":167562.43464875734},"point_estimate":166060.47301955569,"standard_error":726.9657865235708},"StdDev":{"confidence_interval":{"confidence_level":0.95,"lower_bound":8276.498504395333,"upper_bound":23996.463654861196},"point_estimate":16634.783055852142,"standard_error":4165.429618931807}}