{"Mean":{"confidence_interval":{"confidence_level":0.95,"lower_bound":37833.006439313154,"upper_bound":38468.04592651068},"point_estimate":38147.944609639766,"standard_error":162.14775824824879},"Median":{"confidence_interval":{"confidence_level":0.95,"lower_bound":37321.23351648352,"upper_bound":38419.6425729443},"point_estimate":37852.372435897436,"standard_error":270.2732613185818},"MedianAbsDev":{"confidence_interval":{"confidence_level":0.95,"lower_bound":1356.2121519553332,"upper_bound":2392.4337113381495},"point_estimate":1866.2428919794368,"standard_error":275.50568174706867},"Slope":{"confidence_interval":{"confidence_level":0.95,"lower_bound":37564.35486781414,"upper_bound":38324.31085301003},"point_estimate":37935.70828704914,"standard_error":194.20924473925499},"StdDev":{"confidence_interval":{"confidence_level":0.95,"lower_bound":1441.779559275061,"upper_bound":1791.2180745496933},"point_estimate":1629.1173339819614,"standard_error":89.34730392049377}}