{"Mean":{"confidence_interval":{"confidence_level":0.95,"lower_bound":1577162.3044952858,"upper_bound":1605460.973145847},"point_estimate":1591762.4206177314,"standard_error":7190.800762116593},"Median":{"confidence_interval":{"confidence_level":0.95,"lower_bound":1587721.808219178,"upper_bound":1628943.0470588236},"point_estimate":1616574.9303221289,"standard_error":9902.088418678168},"MedianAbsDev":{"confidence_interval":{"confidence_level":0.95,"lower_bound":39385.84080257975,"upper_bound":74819.05748599187},"point_estimate":57307.83323141405,"standard_error":8602.576171692659},"Slope":{"confidence_interval":{"confidence_level":0.95,"lower_bound":1582411.5288473182,"upper_bound":1609724.42175999},"point_estimate":1597110.2900724102,"standard_error":6967.217947530204},"StdDev":{"confidence_interval":{"confidence_level":0.95,"lower_bound":57713.57082237262,"upper_bound":86343.62360196506},"point_estimate":72392.96812564299,"standard_error":7353.180458230579}}