{"Mean":{"confidence_interval":{"confidence_level":0.95,"lower_bound":154579.99481979077,"upper_bound":178698.64798459275},"point_estimate":163751.95949696366,"standard_error":6507.400749627482},"Median":{"confidence_interval":{"confidence_level":0.95,"lower_bound":152122.2142857143,"upper_bound":154992.44425531914},"point_estimate":153714.11517697987,"standard_error":723.193793331037},"MedianAbsDev":{"confidence_interval":{"confidence_level":0.95,"lower_bound":4943.735841642904,"upper_bound":8997.069903621723},"point_estimate":7061.565780897516,"standard_error":1052.1911743173083},"Slope":{"confidence_interval":{"confidence_level":0.95,"lower_bound":151878.4614608969,"upper_bound":182335.4700537834},"point_estimate":162862.41071671347,"standard_error":8370.062823866636},"StdDev":{"confidence_interval":{"confidence_level":0.95,"lower_bound":9450.456844656119,"upper_bound":109509.74244307685},"point_estimate":65621.62072853577,"standard_error":31188.888291680723}}