{"Mean":{"confidence_interval":{"confidence_level":0.95,"lower_bound":11066.930552716996,"upper_bound":11564.79724607611},"point_estimate":11317.330137958077,"standard_error":127.29357350260608},"Median":{"confidence_interval":{"confidence_level":0.95,"lower_bound":11014.14499776086,"upper_bound":11828.620902906618},"point_estimate":11504.48780354919,"standard_error":201.23595109148355},"MedianAbsDev":{"confidence_interval":{"confidence_level":0.95,"lower_bound":1202.3216536483856,"upper_bound":1837.42657080135},"point_estimate":1542.9390648800823,"standard_error":164.72264275760615},"Slope":{"confidence_interval":{"confidence_level":0.95,"lower_bound":11991.314954656573,"upper_bound":12366.73277781942},"point_estimate":12189.861575829225,"standard_error":95.94748719763665},"StdDev":{"confidence_interval":{"confidence_level":0.95,"lower_bound":1148.4878783320342,"upper_bound":1391.9408525704378},"point_estimate":1280.8616815943749,"standard_error":61.73141269140387}}