{"Mean":{"confidence_interval":{"confidence_level":0.95,"lower_bound":7652.070484845783,"upper_bound":7907.141420406183},"point_estimate":7781.05090566519,"standard_error":64.91896200620305},"Median":{"confidence_interval":{"confidence_level":0.95,"lower_bound":7673.122950819672,"upper_bound":8013.0839952678729},"point_estimate":7902.6824038805539,"standard_error":98.7601272842462},"MedianAbsDev":{"confidence_interval":{"confidence_level":0.95,"lower_bound":488.64837040867988,"upper_bound":823.4676470426222},"point_estimate":626.29958016634,"standard_error":89.44015538014097},"Slope":{"confidence_interval":{"confidence_level":0.95,"lower_bound":7933.75377833665,"upper_bound":8132.454221727359},"point_estimate":8036.481603175487,"standard_error":50.73978441764992},"StdDev":{"confidence_interval":{"confidence_level":0.95,"lower_bound":564.4599731331738,"upper_bound":731.5463466879318},"point_estimate":653.2852341542222,"standard_error":42.605229133845927}}