{"Mean":{"confidence_interval":{"confidence_level":0.95,"lower_bound":18012.286759345126,"upper_bound":18346.52310310709},"point_estimate":18180.492726939294,"standard_error":85.23631438756572},"Median":{"confidence_interval":{"confidence_level":0.95,"lower_bound":17931.760482180296,"upper_bound":18453.943396226416},"point_estimate":18178.2613683383,"standard_error":127.79988827820827},"MedianAbsDev":{"confidence_interval":{"confidence_level":0.95,"lower_bound":736.8320349674524,"upper_bound":1125.961514251181},"point_estimate":944.0572792102125,"standard_error":99.3452134960433},"Slope":{"confidence_interval":{"confidence_level":0.95,"lower_bound":18210.538782121203,"upper_bound":18586.046080999975},"point_estimate":18398.229083649563,"standard_error":95.99070402898579},"StdDev":{"confidence_interval":{"confidence_level":0.95,"lower_bound":752.226182928799,"upper_bound":945.971818554958},"point_estimate":855.4788352115622,"standard_error":49.517710951458898}}