{"Mean":{"confidence_interval":{"confidence_level":0.95,"lower_bound":337892.327540857,"upper_bound":356876.063328586},"point_estimate":346004.8624379915,"standard_error":4891.909811112249},"Median":{"confidence_interval":{"confidence_level":0.95,"lower_bound":333405.532967033,"upper_bound":337201.46202531646},"point_estimate":335419.4649443611,"standard_error":982.3164698343031},"MedianAbsDev":{"confidence_interval":{"confidence_level":0.95,"lower_bound":7035.084441676234,"upper_bound":13212.538242007697},"point_estimate":10516.177903638547,"standard_error":1600.8665460507028},"Slope":{"confidence_interval":{"confidence_level":0.95,"lower_bound":330323.4719597595,"upper_bound":335414.7976717298},"point_estimate":332730.71354219006,"standard_error":1298.2048655782192},"StdDev":{"confidence_interval":{"confidence_level":0.95,"lower_bound":17239.577967555902,"upper_bound":75953.29487234638},"point_estimate":49059.406560748335,"standard_error":15796.914213885688}}