{"Mean":{"confidence_interval":{"confidence_level":0.95,"lower_bound":148566.65950638095,"upper_bound":152556.41020296326},"point_estimate":150545.17976325303,"standard_error":1017.0059146431248},"Median":{"confidence_interval":{"confidence_level":0.95,"lower_bound":143701.48388888889,"upper_bound":153291.44670542636},"point_estimate":148710.78488372093,"standard_error":2349.257699458144},"MedianAbsDev":{"confidence_interval":{"confidence_level":0.95,"lower_bound":7244.799839006143,"upper_bound":15063.776287617922},"point_estimate":12408.444457747777,"standard_error":1952.2261012842856},"Slope":{"confidence_interval":{"confidence_level":0.95,"lower_bound":151044.63168774214,"upper_bound":156365.12112436069},"point_estimate":153722.44215900696,"standard_error":1358.4207996925357},"StdDev":{"confidence_interval":{"confidence_level":0.95,"lower_bound":9196.208301919896,"upper_bound":11028.62465172089},"point_estimate":10197.711521501044,"standard_error":468.07455237868836}}