{"Mean":{"confidence_interval":{"confidence_level":0.95,"lower_bound":1218849.5430414396,"upper_bound":1262928.2267085079},"point_estimate":1241817.8191523015,"standard_error":11247.505557561679},"Median":{"confidence_interval":{"confidence_level":0.95,"lower_bound":1247936.4055552665,"upper_bound":1293856.9824561405},"point_estimate":1274374.862962963,"standard_error":12622.180440611812},"MedianAbsDev":{"confidence_interval":{"confidence_level":0.95,"lower_bound":59037.01805922003,"upper_bound":104404.97496011656},"point_estimate":84207.49809208657,"standard_error":11564.82694845238},"Slope":{"confidence_interval":{"confidence_level":0.95,"lower_bound":1305383.8286613967,"upper_bound":1325597.065337753},"point_estimate":1316088.1987971035,"standard_error":5174.713462682597},"StdDev":{"confidence_interval":{"confidence_level":0.95,"lower_bound":85760.81455723958,"upper_bound":137861.03710209923},"point_estimate":113288.97223506279,"standard_error":13307.585070699562}}