{"Mean":{"confidence_interval":{"confidence_level":0.95,"lower_bound":6087.42742193635,"upper_bound":6302.000432250776},"point_estimate":6187.619849321493,"standard_error":55.19649980059495},"Median":{"confidence_interval":{"confidence_level":0.95,"lower_bound":5922.724910412071,"upper_bound":6113.038677918425},"point_estimate":6005.42454236858,"standard_error":49.56428985786686},"MedianAbsDev":{"confidence_interval":{"confidence_level":0.95,"lower_bound":216.10125244848724,"upper_bound":447.0019679372918},"point_estimate":318.23233581745077,"standard_error":62.31612235002185},"Slope":{"confidence_interval":{"confidence_level":0.95,"lower_bound":5919.07506290074,"upper_bound":6101.453484851533},"point_estimate":6002.598067726289,"standard_error":46.62374012604629},"StdDev":{"confidence_interval":{"confidence_level":0.95,"lower_bound":366.77500473626039,"upper_bound":743.5908810715099},"point_estimate":555.3429687375077,"standard_error":99.11213003312273}}