{"Mean":{"confidence_interval":{"confidence_level":0.95,"lower_bound":8184.083261396208,"upper_bound":8611.924386945084},"point_estimate":8372.776793077188,"standard_error":109.97198824243549},"Median":{"confidence_interval":{"confidence_level":0.95,"lower_bound":8033.785044320759,"upper_bound":8222.73217893218},"point_estimate":8122.75134755291,"standard_error":51.63702156775445},"MedianAbsDev":{"confidence_interval":{"confidence_level":0.95,"lower_bound":300.4630259628486,"upper_bound":551.8144680877525},"point_estimate":407.37011018048346,"standard_error":64.85997459770373},"Slope":{"confidence_interval":{"confidence_level":0.95,"lower_bound":7953.997377134107,"upper_bound":8078.148349846619},"point_estimate":8014.84288214749,"standard_error":31.628812898989098},"StdDev":{"confidence_interval":{"confidence_level":0.95,"lower_bound":502.30288558718339,"upper_bound":1650.8753481650456},"point_estimate":1108.8993810971493,"standard_error":304.4088364952378}}