{"Mean":{"confidence_interval":{"confidence_level":0.95,"lower_bound":126752.54192565328,"upper_bound":130776.02621645686},"point_estimate":128654.54472768268,"standard_error":1029.0277721894655},"Median":{"confidence_interval":{"confidence_level":0.95,"lower_bound":124234.44123836952,"upper_bound":125985.84583333334},"point_estimate":124779.76358695652,"standard_error":403.92518003295705},"MedianAbsDev":{"confidence_interval":{"confidence_level":0.95,"lower_bound":2761.330323090547,"upper_bound":5185.855524193837},"point_estimate":4195.100694416012,"standard_error":628.3209891448263},"Slope":{"confidence_interval":{"confidence_level":0.95,"lower_bound":123274.81988881051,"upper_bound":125477.21506250539},"point_estimate":124283.1613887247,"standard_error":561.0865514878219},"StdDev":{"confidence_interval":{"confidence_level":0.95,"lower_bound":7263.94858054441,"upper_bound":12944.800047526895},"point_estimate":10321.862891269262,"standard_error":1450.896788407382}}