{"Mean":{"confidence_interval":{"confidence_level":0.95,"lower_bound":53970.79435715658,"upper_bound":54755.46053903061},"point_estimate":54361.61148844409,"standard_error":200.03642512028558},"Median":{"confidence_interval":{"confidence_level":0.95,"lower_bound":53422.43137641187,"upper_bound":54917.84013605442},"point_estimate":54012.03291988048,"standard_error":383.480998329266},"MedianAbsDev":{"confidence_interval":{"confidence_level":0.95,"lower_bound":1738.6334900171058,"upper_bound":2886.973190035251},"point_estimate":2410.9553689903457,"standard_error":294.48141913408196},"Slope":{"confidence_interval":{"confidence_level":0.95,"lower_bound":54134.25955261507,"upper_bound":55010.72821465618},"point_estimate":54570.44116693759,"standard_error":223.3396362266246},"StdDev":{"confidence_interval":{"confidence_level":0.95,"lower_bound":1802.4643429263907,"upper_bound":2190.022267064259},"point_estimate":2009.6104043024273,"standard_error":99.13801417252393}}