{"Mean":{"confidence_interval":{"confidence_level":0.95,"lower_bound":259.5590221395334,"upper_bound":271.79674624318695},"point_estimate":265.1901338992908,"standard_error":3.1219253187438205},"Median":{"confidence_interval":{"confidence_level":0.95,"lower_bound":252.65392442241629,"upper_bound":262.67972550618296},"point_estimate":255.0106344866741,"standard_error":2.5304547450227869},"MedianAbsDev":{"confidence_interval":{"confidence_level":0.95,"lower_bound":12.101282501630104,"upper_bound":21.141485634410377},"point_estimate":16.3347725365024,"standard_error":2.264426866776238},"Slope":{"confidence_interval":{"confidence_level":0.95,"lower_bound":250.05115806787868,"upper_bound":254.62313144328426},"point_estimate":252.22586503908406,"standard_error":1.1693761100924556},"StdDev":{"confidence_interval":{"confidence_level":0.95,"lower_bound":19.94086516254012,"upper_bound":42.758884495927599},"point_estimate":31.373202086070159,"standard_error":5.989306219344714}}