{"Mean":{"confidence_interval":{"confidence_level":0.95,"lower_bound":130.3139449063415,"upper_bound":136.65708984375767},"point_estimate":133.2244574966662,"standard_error":1.6242501490669315},"Median":{"confidence_interval":{"confidence_level":0.95,"lower_bound":128.27210877517769,"upper_bound":131.688587594407},"point_estimate":130.06979627176202,"standard_error":0.885871008519826},"MedianAbsDev":{"confidence_interval":{"confidence_level":0.95,"lower_bound":6.630026495841841,"upper_bound":11.210939084313188},"point_estimate":8.6260793223293,"standard_error":1.1552798856529135},"Slope":{"confidence_interval":{"confidence_level":0.95,"lower_bound":126.11219853171179,"upper_bound":128.8172146688163},"point_estimate":127.4261971422149,"standard_error":0.6877035901406664},"StdDev":{"confidence_interval":{"confidence_level":0.95,"lower_bound":9.671597864303,"upper_bound":22.18255002131776},"point_estimate":16.335406910662646,"standard_error":3.2345296906908747}}