{"Mean":{"confidence_interval":{"confidence_level":0.95,"lower_bound":363175.7302915189,"upper_bound":373087.30071011985},"point_estimate":367669.56310450218,"standard_error":2543.181371416831},"Median":{"confidence_interval":{"confidence_level":0.95,"lower_bound":359838.54761904766,"upper_bound":362504.5261044177},"point_estimate":361499.1962962963,"standard_error":718.7165186657647},"MedianAbsDev":{"confidence_interval":{"confidence_level":0.95,"lower_bound":6974.536098984234,"upper_bound":12743.592184203762},"point_estimate":9359.324167172119,"standard_error":1548.281730834915},"Slope":{"confidence_interval":{"confidence_level":0.95,"lower_bound":361155.12336046379,"upper_bound":380920.32086811339},"point_estimate":369230.4765420423,"standard_error":5232.6761781270329},"StdDev":{"confidence_interval":{"confidence_level":0.95,"lower_bound":14143.828901901907,"upper_bound":36284.21534647172},"point_estimate":25599.431657966237,"standard_error":5889.381606499437}}