{"Mean":{"confidence_interval":{"confidence_level":0.95,"lower_bound":1265874.389244048,"upper_bound":1307973.4573131393},"point_estimate":1287467.8172259478,"standard_error":10738.682585728759},"Median":{"confidence_interval":{"confidence_level":0.95,"lower_bound":1290766.4166666668,"upper_bound":1337923.3489510492},"point_estimate":1320181.2477987423,"standard_error":12776.789747406963},"MedianAbsDev":{"confidence_interval":{"confidence_level":0.95,"lower_bound":67386.62795917029,"upper_bound":120127.16081348906},"point_estimate":94425.45956002848,"standard_error":13380.726223176534},"Slope":{"confidence_interval":{"confidence_level":0.95,"lower_bound":1350804.421778334,"upper_bound":1371523.0892992649},"point_estimate":1361962.8474715532,"standard_error":5263.774120635827},"StdDev":{"confidence_interval":{"confidence_level":0.95,"lower_bound":88395.24461022421,"upper_bound":125976.10877369029},"point_estimate":107990.96941274549,"standard_error":9606.36222997572}}