{"Mean":{"confidence_interval":{"confidence_level":0.95,"lower_bound":1956.0370557824763,"upper_bound":2020.6285040667495},"point_estimate":1985.5380261852695,"standard_error":16.521025217963396},"Median":{"confidence_interval":{"confidence_level":0.95,"lower_bound":1927.7909613214322,"upper_bound":1967.1611326295538},"point_estimate":1951.143586465881,"standard_error":10.731181801145633},"MedianAbsDev":{"confidence_interval":{"confidence_level":0.95,"lower_bound":66.18816686196993,"upper_bound":108.01443014336884},"point_estimate":91.3803074746951,"standard_error":10.996344160782096},"Slope":{"confidence_interval":{"confidence_level":0.95,"lower_bound":1918.3155143101404,"upper_bound":1947.4572903853814},"point_estimate":1932.7437986144778,"standard_error":7.435293701331759},"StdDev":{"confidence_interval":{"confidence_level":0.95,"lower_bound":100.35166482958302,"upper_bound":231.27900752362286},"point_estimate":165.74525227581965,"standard_error":34.728571677740628}}