{"Mean":{"confidence_interval":{"confidence_level":0.95,"lower_bound":77699.73550230458,"upper_bound":79935.2471857016},"point_estimate":78687.12456434847,"standard_error":572.4883116628486},"Median":{"confidence_interval":{"confidence_level":0.95,"lower_bound":77167.55886970173,"upper_bound":77948.98076923077},"point_estimate":77606.76564102565,"standard_error":220.7092364426905},"MedianAbsDev":{"confidence_interval":{"confidence_level":0.95,"lower_bound":1222.8195999901894,"upper_bound":2228.7377860151248},"point_estimate":1808.9905355397366,"standard_error":255.94860010137857},"Slope":{"confidence_interval":{"confidence_level":0.95,"lower_bound":76685.11702110662,"upper_bound":77462.74384210976},"point_estimate":77060.47506200908,"standard_error":198.09954595423876},"StdDev":{"confidence_interval":{"confidence_level":0.95,"lower_bound":2599.107598499166,"upper_bound":8385.184962090107},"point_estimate":5748.359450594887,"standard_error":1496.1388133049905}}