{"Mean":{"confidence_interval":{"confidence_level":0.95,"lower_bound":6144.140033119471,"upper_bound":6379.443808484972},"point_estimate":6256.38086990482,"standard_error":60.24556022427206},"Median":{"confidence_interval":{"confidence_level":0.95,"lower_bound":5964.081600544923,"upper_bound":6186.56180942226},"point_estimate":6016.287272961817,"standard_error":63.666279279292968},"MedianAbsDev":{"confidence_interval":{"confidence_level":0.95,"lower_bound":262.868495397667,"upper_bound":533.3431081464985},"point_estimate":362.90588039080355,"standard_error":75.4925946812697},"Slope":{"confidence_interval":{"confidence_level":0.95,"lower_bound":5949.111562064976,"upper_bound":6128.257643266415},"point_estimate":6032.776522928609,"standard_error":45.70083537286706},"StdDev":{"confidence_interval":{"confidence_level":0.95,"lower_bound":444.73342435882867,"upper_bound":755.1162421182454},"point_estimate":603.4805803326561,"standard_error":80.18408882434592}}