{"Mean":{"confidence_interval":{"confidence_level":0.95,"lower_bound":1024.2044599639133,"upper_bound":1055.570116396403},"point_estimate":1038.5223187520583,"standard_error":8.04622476646179},"Median":{"confidence_interval":{"confidence_level":0.95,"lower_bound":1004.3807191081803,"upper_bound":1025.0120072088308},"point_estimate":1010.2705271227662,"standard_error":5.144737429276389},"MedianAbsDev":{"confidence_interval":{"confidence_level":0.95,"lower_bound":22.15480623404055,"upper_bound":46.867617519248259},"point_estimate":31.210978331263158,"standard_error":6.382003588156779},"Slope":{"confidence_interval":{"confidence_level":0.95,"lower_bound":1000.6897598736455,"upper_bound":1013.1031759553758},"point_estimate":1006.450237300646,"standard_error":3.15960563549722},"StdDev":{"confidence_interval":{"confidence_level":0.95,"lower_bound":47.91419135727762,"upper_bound":113.65101040963568},"point_estimate":80.78546681190358,"standard_error":17.60262318315698}}