{"Mean":{"confidence_interval":{"confidence_level":0.95,"lower_bound":1352805.218545777,"upper_bound":1384539.658734463},"point_estimate":1369416.3981319147,"standard_error":8122.029167261427},"Median":{"confidence_interval":{"confidence_level":0.95,"lower_bound":1376415.7045454547,"upper_bound":1401666.186440678},"point_estimate":1394288.3318822555,"standard_error":5755.712423021817},"MedianAbsDev":{"confidence_interval":{"confidence_level":0.95,"lower_bound":29627.508281174836,"upper_bound":57814.69741566733},"point_estimate":40032.51650836717,"standard_error":6683.216685894466},"Slope":{"confidence_interval":{"confidence_level":0.95,"lower_bound":1407077.6857305109,"upper_bound":1425441.6471831205},"point_estimate":1415660.525497266,"standard_error":4678.8529414454219},"StdDev":{"confidence_interval":{"confidence_level":0.95,"lower_bound":61095.62291743508,"upper_bound":100274.59128033574},"point_estimate":81929.6439503121,"standard_error":10033.535049676984}}