{"Mean":{"confidence_interval":{"confidence_level":0.95,"lower_bound":1784.7701357444528,"upper_bound":1868.2518507683638},"point_estimate":1822.8251194910745,"standard_error":21.368808599297468},"Median":{"confidence_interval":{"confidence_level":0.95,"lower_bound":1739.6278708551484,"upper_bound":1803.5450671368024},"point_estimate":1766.7117613375063,"standard_error":15.238509513780083},"MedianAbsDev":{"confidence_interval":{"confidence_level":0.95,"lower_bound":79.02617512396248,"upper_bound":138.92185381636686},"point_estimate":108.5731805031066,"standard_error":14.158947993681327},"Slope":{"confidence_interval":{"confidence_level":0.95,"lower_bound":1725.275157604264,"upper_bound":1754.2014580951098},"point_estimate":1738.8190163071946,"standard_error":7.37935110930965},"StdDev":{"confidence_interval":{"confidence_level":0.95,"lower_bound":117.10644638610506,"upper_bound":295.75554959989639},"point_estimate":215.78316874755618,"standard_error":45.21578905719826}}