{"Mean":{"confidence_interval":{"confidence_level":0.95,"lower_bound":112821.7821380789,"upper_bound":117412.00830823939},"point_estimate":114852.30846571623,"standard_error":1182.7123580589644},"Median":{"confidence_interval":{"confidence_level":0.95,"lower_bound":111055.54609929078,"upper_bound":113586.95555555556},"point_estimate":112557.39329268292,"standard_error":636.1890680489281},"MedianAbsDev":{"confidence_interval":{"confidence_level":0.95,"lower_bound":2998.8479649757034,"upper_bound":4898.354565158054},"point_estimate":3996.7941686771757,"standard_error":453.2280219606299},"Slope":{"confidence_interval":{"confidence_level":0.95,"lower_bound":110528.93692108622,"upper_bound":112442.25979185103},"point_estimate":111401.85457662185,"standard_error":486.7117136228415},"StdDev":{"confidence_interval":{"confidence_level":0.95,"lower_bound":5028.989814442959,"upper_bound":17479.567618850575},"point_estimate":11882.608561572786,"standard_error":3254.608320311867}}