{"Mean":{"confidence_interval":{"confidence_level":0.95,"lower_bound":1499.19860310987,"upper_bound":1571.4043856638476},"point_estimate":1531.3958708604387,"standard_error":18.474221696679004},"Median":{"confidence_interval":{"confidence_level":0.95,"lower_bound":1461.1540394535803,"upper_bound":1488.033073108369},"point_estimate":1478.945325398882,"standard_error":8.984384273949658},"MedianAbsDev":{"confidence_interval":{"confidence_level":0.95,"lower_bound":39.846546866084278,"upper_bound":78.39918055812884},"point_estimate":62.59841552756266,"standard_error":10.512475857804115},"Slope":{"confidence_interval":{"confidence_level":0.95,"lower_bound":1457.6348403461978,"upper_bound":1476.9323134340614},"point_estimate":1466.9011251111304,"standard_error":4.916615933815362},"StdDev":{"confidence_interval":{"confidence_level":0.95,"lower_bound":90.03149334722022,"upper_bound":263.15485859745805},"point_estimate":185.09762330705846,"standard_error":45.69751974183995}}