{"Mean":{"confidence_interval":{"confidence_level":0.95,"lower_bound":410780.26114053468,"upper_bound":453647.40560325767},"point_estimate":432005.2727552674,"standard_error":10923.537127760716},"Median":{"confidence_interval":{"confidence_level":0.95,"lower_bound":346386.24468085108,"upper_bound":478173.0},"point_estimate":348347.5995995996,"standard_error":25480.826018738604},"MedianAbsDev":{"confidence_interval":{"confidence_level":0.95,"lower_bound":10605.076056802041,"upper_bound":131617.9198953903},"point_estimate":16633.41509562564,"standard_error":25359.909621809526},"Slope":{"confidence_interval":{"confidence_level":0.95,"lower_bound":482535.07759548877,"upper_bound":527934.5720193412},"point_estimate":507654.54533175707,"standard_error":11626.81341165058},"StdDev":{"confidence_interval":{"confidence_level":0.95,"lower_bound":102465.52002776946,"upper_bound":113580.02986055502},"point_estimate":109704.11167419856,"standard_error":2850.89628588831}}