{"Mean":{"confidence_interval":{"confidence_level":0.95,"lower_bound":73691.22528265379,"upper_bound":75520.60708717777},"point_estimate":74508.62636272192,"standard_error":468.31990854647008},"Median":{"confidence_interval":{"confidence_level":0.95,"lower_bound":73299.09812409812,"upper_bound":74250.7429068679},"point_estimate":73897.90513392858,"standard_error":233.6701925398074},"MedianAbsDev":{"confidence_interval":{"confidence_level":0.95,"lower_bound":1506.0875410500749,"upper_bound":2837.943714509062},"point_estimate":2015.6027012694675,"standard_error":336.2336316145268},"Slope":{"confidence_interval":{"confidence_level":0.95,"lower_bound":72619.76617406066,"upper_bound":73529.84368546593},"point_estimate":73080.20202875299,"standard_error":232.84861892259159},"StdDev":{"confidence_interval":{"confidence_level":0.95,"lower_bound":2364.6781216402607,"upper_bound":6781.5348116937079},"point_estimate":4701.009223310313,"standard_error":1175.012920936155}}