{"Mean":{"confidence_interval":{"confidence_level":0.95,"lower_bound":1576875.7387464063,"upper_bound":1642846.3116664466},"point_estimate":1607835.87582575,"standard_error":16921.76211006753},"Median":{"confidence_interval":{"confidence_level":0.95,"lower_bound":1533571.2862554114,"upper_bound":1560296.103448276},"point_estimate":1545218.2452991454,"standard_error":6316.940752070729},"MedianAbsDev":{"confidence_interval":{"confidence_level":0.95,"lower_bound":33990.60366968928,"upper_bound":63967.78231535694},"point_estimate":46557.649239159444,"standard_error":7548.2106406087409},"Slope":{"confidence_interval":{"confidence_level":0.95,"lower_bound":1520030.1496485603,"upper_bound":1560785.512188644},"point_estimate":1536357.291618147,"standard_error":10676.643349542692},"StdDev":{"confidence_interval":{"confidence_level":0.95,"lower_bound":120201.25202445466,"upper_bound":211658.53672563256},"point_estimate":170488.228264144,"standard_error":23374.270960968308}}