{"Mean":{"confidence_interval":{"confidence_level":0.95,"lower_bound":10411.452656788113,"upper_bound":10782.561084407891},"point_estimate":10580.865968816284,"standard_error":94.72623219657203},"Median":{"confidence_interval":{"confidence_level":0.95,"lower_bound":10178.074039362698,"upper_bound":10388.152577319588},"point_estimate":10282.737033853007,"standard_error":68.27512306878217},"MedianAbsDev":{"confidence_interval":{"confidence_level":0.95,"lower_bound":301.6563975085123,"upper_bound":573.9707818168557},"point_estimate":462.54553354269816,"standard_error":70.40957015874986},"Slope":{"confidence_interval":{"confidence_level":0.95,"lower_bound":10165.048439715689,"upper_bound":10329.783407056684},"point_estimate":10241.586160947838,"standard_error":42.0031328891422},"StdDev":{"confidence_interval":{"confidence_level":0.95,"lower_bound":534.4166061595045,"upper_bound":1318.306649493441},"point_estimate":952.4956259207735,"standard_error":206.12381315369195}}