{"Mean":{"confidence_interval":{"confidence_level":0.95,"lower_bound":656014.1966966062,"upper_bound":693812.7663059158},"point_estimate":673515.4299078272,"standard_error":9693.932282411208},"Median":{"confidence_interval":{"confidence_level":0.95,"lower_bound":652878.1428571428,"upper_bound":684080.9028205129},"point_estimate":664459.9972921546,"standard_error":7333.501494512344},"MedianAbsDev":{"confidence_interval":{"confidence_level":0.95,"lower_bound":41003.75610210844,"upper_bound":73116.90391015963},"point_estimate":58544.82717485668,"standard_error":8344.876050951965},"Slope":{"confidence_interval":{"confidence_level":0.95,"lower_bound":692623.6983768318,"upper_bound":733046.5064836716},"point_estimate":709355.0367031181,"standard_error":10602.121643795075},"StdDev":{"confidence_interval":{"confidence_level":0.95,"lower_bound":57175.1291735635,"upper_bound":131575.56979568769},"point_estimate":97487.35270355213,"standard_error":18998.538686678658}}