{"Mean":{"confidence_interval":{"confidence_level":0.95,"lower_bound":1688616.8851706205,"upper_bound":1730969.2141512882},"point_estimate":1708152.689142651,"standard_error":10762.72396159449},"Median":{"confidence_interval":{"confidence_level":0.95,"lower_bound":1707203.8,"upper_bound":1721724.392857143},"point_estimate":1712153.1654790785,"standard_error":3583.176429725933},"MedianAbsDev":{"confidence_interval":{"confidence_level":0.95,"lower_bound":26208.010002835035,"upper_bound":47378.42523698242},"point_estimate":38391.67446220683,"standard_error":5442.421289537711},"Slope":{"confidence_interval":{"confidence_level":0.95,"lower_bound":1692933.3569169059,"upper_bound":1722223.0768570316},"point_estimate":1707287.1149519729,"standard_error":7428.624945348241},"StdDev":{"confidence_interval":{"confidence_level":0.95,"lower_bound":61116.44345917319,"upper_bound":157962.9253330275},"point_estimate":107931.07132876324,"standard_error":26996.36743828082}}