{"Mean":{"confidence_interval":{"confidence_level":0.95,"lower_bound":235558.32704231196,"upper_bound":240026.73573742668},"point_estimate":237606.40655965988,"standard_error":1146.2679816451385},"Median":{"confidence_interval":{"confidence_level":0.95,"lower_bound":233994.684057971,"upper_bound":236779.65066666666},"point_estimate":235771.2889102564,"standard_error":727.8788492236766},"MedianAbsDev":{"confidence_interval":{"confidence_level":0.95,"lower_bound":3548.697758664694,"upper_bound":5839.875446220233},"point_estimate":4210.100609954865,"standard_error":575.1474467313587},"Slope":{"confidence_interval":{"confidence_level":0.95,"lower_bound":233718.83706278663,"upper_bound":235918.69130153804},"point_estimate":234784.94650568939,"standard_error":560.9678308755778},"StdDev":{"confidence_interval":{"confidence_level":0.95,"lower_bound":6550.551503746749,"upper_bound":15925.334925485675},"point_estimate":11510.608556689827,"standard_error":2416.17114519405}}