{"Mean":{"confidence_interval":{"confidence_level":0.95,"lower_bound":147832.62861928793,"upper_bound":151112.08836301478},"point_estimate":149406.197538518,"standard_error":839.3941046489543},"Median":{"confidence_interval":{"confidence_level":0.95,"lower_bound":145875.35571428573,"upper_bound":147969.6894409938},"point_estimate":146806.25272108842,"standard_error":498.63442058293585},"MedianAbsDev":{"confidence_interval":{"confidence_level":0.95,"lower_bound":3953.758382168672,"upper_bound":6796.981512416423},"point_estimate":5534.835045363382,"standard_error":720.0972273357927},"Slope":{"confidence_interval":{"confidence_level":0.95,"lower_bound":144586.15015897106,"upper_bound":147139.7042462133},"point_estimate":145732.70791065889,"standard_error":652.3208074159054},"StdDev":{"confidence_interval":{"confidence_level":0.95,"lower_bound":6516.037089084194,"upper_bound":10295.437415288026},"point_estimate":8423.19618121435,"standard_error":972.0733369669794}}