{"Mean":{"confidence_interval":{"confidence_level":0.95,"lower_bound":163138.89331816862,"upper_bound":164516.9668294289},"point_estimate":163826.7910979863,"standard_error":350.16086051156716},"Median":{"confidence_interval":{"confidence_level":0.95,"lower_bound":163404.525,"upper_bound":164625.5},"point_estimate":164106.41469725054,"standard_error":378.9310560998316},"MedianAbsDev":{"confidence_interval":{"confidence_level":0.95,"lower_bound":2065.324794773847,"upper_bound":3586.4045806148258},"point_estimate":2750.114957178612,"standard_error":385.32679812978196},"Slope":{"confidence_interval":{"confidence_level":0.95,"lower_bound":164179.05904203727,"upper_bound":165643.54058313609},"point_estimate":164905.89663908183,"standard_error":372.5429691558093},"StdDev":{"confidence_interval":{"confidence_level":0.95,"lower_bound":2843.8092074060148,"upper_bound":4100.593141749494},"point_estimate":3501.9135004408396,"standard_error":320.60994838519266}}