{"Mean":{"confidence_interval":{"confidence_level":0.95,"lower_bound":167914.359475368,"upper_bound":172883.07436363816},"point_estimate":170056.3384960778,"standard_error":1286.0836711649504},"Median":{"confidence_interval":{"confidence_level":0.95,"lower_bound":167510.59108527134,"upper_bound":168673.3125},"point_estimate":167925.61375887873,"standard_error":260.6288451298591},"MedianAbsDev":{"confidence_interval":{"confidence_level":0.95,"lower_bound":2125.6904202614448,"upper_bound":4738.357056107217},"point_estimate":2849.6584814791497,"standard_error":663.0860730283291},"Slope":{"confidence_interval":{"confidence_level":0.95,"lower_bound":167088.5278057545,"upper_bound":168681.14504014445},"point_estimate":167864.79475198268,"standard_error":404.4157460996969},"StdDev":{"confidence_interval":{"confidence_level":0.95,"lower_bound":4498.92784762924,"upper_bound":19751.014406111794},"point_estimate":12980.618362385772,"standard_error":4043.1130719695318}}