{"Mean":{"confidence_interval":{"confidence_level":0.95,"lower_bound":60695.360049058436,"upper_bound":64125.227293974116},"point_estimate":62222.31031538058,"standard_error":879.2804265379759},"Median":{"confidence_interval":{"confidence_level":0.95,"lower_bound":59728.48095422379,"upper_bound":60782.7859824781},"point_estimate":60165.32783616364,"standard_error":253.57889071674976},"MedianAbsDev":{"confidence_interval":{"confidence_level":0.95,"lower_bound":1433.599845867692,"upper_bound":2582.0776577157328},"point_estimate":1960.5645756131879,"standard_error":301.92461751387477},"Slope":{"confidence_interval":{"confidence_level":0.95,"lower_bound":60491.963910816834,"upper_bound":65018.30900615503},"point_estimate":62340.84681421083,"standard_error":1199.0977827043337},"StdDev":{"confidence_interval":{"confidence_level":0.95,"lower_bound":4103.156508679399,"upper_bound":12574.657012467596},"point_estimate":8825.34700890554,"standard_error":2177.9743482229607}}