{"Mean":{"confidence_interval":{"confidence_level":0.95,"lower_bound":139511.6073511963,"upper_bound":142831.06630131446},"point_estimate":141080.6741525115,"standard_error":848.4915141826272},"Median":{"confidence_interval":{"confidence_level":0.95,"lower_bound":137188.93038751995,"upper_bound":139694.4714285714},"point_estimate":138256.0058721602,"standard_error":533.0946271615584},"MedianAbsDev":{"confidence_interval":{"confidence_level":0.95,"lower_bound":2952.95048896683,"upper_bound":5635.842567957353},"point_estimate":3999.8447392449745,"standard_error":654.1131023499305},"Slope":{"confidence_interval":{"confidence_level":0.95,"lower_bound":136269.3686489156,"upper_bound":137781.93260808203},"point_estimate":136977.7714226604,"standard_error":387.459528357465},"StdDev":{"confidence_interval":{"confidence_level":0.95,"lower_bound":5805.007199045394,"upper_bound":10943.25016016046},"point_estimate":8518.168518465312,"standard_error":1322.1586464724299}}