{"Mean":{"confidence_interval":{"confidence_level":0.95,"lower_bound":1245.809456038029,"upper_bound":1289.350751565539},"point_estimate":1266.2461962816349,"standard_error":11.172989194013077},"Median":{"confidence_interval":{"confidence_level":0.95,"lower_bound":1214.818553039043,"upper_bound":1244.2280412182386},"point_estimate":1229.3162675998288,"standard_error":7.185615286691016},"MedianAbsDev":{"confidence_interval":{"confidence_level":0.95,"lower_bound":33.69530002081731,"upper_bound":64.32024008417814},"point_estimate":47.15623575620615,"standard_error":7.655409152123313},"Slope":{"confidence_interval":{"confidence_level":0.95,"lower_bound":1215.3668598099237,"upper_bound":1233.8530263590072},"point_estimate":1224.3276670148212,"standard_error":4.734552604617979},"StdDev":{"confidence_interval":{"confidence_level":0.95,"lower_bound":76.08437468677097,"upper_bound":144.82817092824485},"point_estimate":112.07865330347984,"standard_error":17.651599794240985}}