{"Mean":{"confidence_interval":{"confidence_level":0.95,"lower_bound":608281.9606643735,"upper_bound":627143.8441331539},"point_estimate":617494.104259602,"standard_error":4804.011974219926},"Median":{"confidence_interval":{"confidence_level":0.95,"lower_bound":614710.6844965675,"upper_bound":629732.2578125},"point_estimate":623024.6433333333,"standard_error":3880.0554465411357},"MedianAbsDev":{"confidence_interval":{"confidence_level":0.95,"lower_bound":18710.713118612002,"upper_bound":39396.31545728239},"point_estimate":27678.351407430786,"standard_error":5116.759744056796},"Slope":{"confidence_interval":{"confidence_level":0.95,"lower_bound":630694.4650338332,"upper_bound":643674.5753131004},"point_estimate":636836.7091118664,"standard_error":3309.6270944400087},"StdDev":{"confidence_interval":{"confidence_level":0.95,"lower_bound":37555.139496282005,"upper_bound":58536.90677449057},"point_estimate":48133.86889697753,"standard_error":5375.4818677470989}}