{"Mean":{"confidence_interval":{"confidence_level":0.95,"lower_bound":78091.45642038844,"upper_bound":80266.54313809103},"point_estimate":79033.34161095636,"standard_error":560.0160014638473},"Median":{"confidence_interval":{"confidence_level":0.95,"lower_bound":77660.10238530953,"upper_bound":78264.66566770559},"point_estimate":77971.12836949376,"standard_error":149.06547140906424},"MedianAbsDev":{"confidence_interval":{"confidence_level":0.95,"lower_bound":1420.7367789066316,"upper_bound":2881.387393189074},"point_estimate":1890.1247270615923,"standard_error":338.80627742178208},"Slope":{"confidence_interval":{"confidence_level":0.95,"lower_bound":77307.78874348315,"upper_bound":78128.62885395679},"point_estimate":77721.14025963102,"standard_error":209.05907851566165},"StdDev":{"confidence_interval":{"confidence_level":0.95,"lower_bound":2593.1949987469627,"upper_bound":8528.965738245532},"point_estimate":5617.214879886275,"standard_error":1689.5495823126817}}