{"Mean":{"confidence_interval":{"confidence_level":0.95,"lower_bound":1464767.7273695239,"upper_bound":1496106.9308167624},"point_estimate":1478996.8666845016,"standard_error":8041.4087897853319},"Median":{"confidence_interval":{"confidence_level":0.95,"lower_bound":1449590.0,"upper_bound":1468230.4718965518},"point_estimate":1454878.688401531,"standard_error":4897.283384648118},"MedianAbsDev":{"confidence_interval":{"confidence_level":0.95,"lower_bound":29986.44500466432,"upper_bound":51437.34573443273},"point_estimate":36992.74730324753,"standard_error":5392.383098353881},"Slope":{"confidence_interval":{"confidence_level":0.95,"lower_bound":1446210.1252526667,"upper_bound":1460895.476828912},"point_estimate":1453311.6861947687,"standard_error":3762.2698618966348},"StdDev":{"confidence_interval":{"confidence_level":0.95,"lower_bound":46760.85079064645,"upper_bound":115673.3043189294},"point_estimate":80877.61148029642,"standard_error":18832.374196721583}}