{"Mean":{"confidence_interval":{"confidence_level":0.95,"lower_bound":2000.7235476547426,"upper_bound":2068.5402579638118},"point_estimate":2032.3196603412726,"standard_error":17.31373697120289},"Median":{"confidence_interval":{"confidence_level":0.95,"lower_bound":1962.3931170744777,"upper_bound":1993.7188675538424},"point_estimate":1968.97717879025,"standard_error":7.650322138804272},"MedianAbsDev":{"confidence_interval":{"confidence_level":0.95,"lower_bound":56.252351146978529,"upper_bound":108.91461425203714},"point_estimate":75.66861768840555,"standard_error":13.364843213092028},"Slope":{"confidence_interval":{"confidence_level":0.95,"lower_bound":1951.2983354584872,"upper_bound":1975.0788400689406},"point_estimate":1962.899223476463,"standard_error":6.069606620969665},"StdDev":{"confidence_interval":{"confidence_level":0.95,"lower_bound":115.42231020695094,"upper_bound":227.62696477301098},"point_estimate":174.02131967118155,"standard_error":28.779205061210715}}