{"Mean":{"confidence_interval":{"confidence_level":0.95,"lower_bound":6677.583572087594,"upper_bound":7008.171694580177},"point_estimate":6836.462136894303,"standard_error":84.3844680625165},"Median":{"confidence_interval":{"confidence_level":0.95,"lower_bound":6482.785779067658,"upper_bound":6922.3523394464759},"point_estimate":6666.520302013423,"standard_error":122.87298742168541},"MedianAbsDev":{"confidence_interval":{"confidence_level":0.95,"lower_bound":611.7541783171529,"upper_bound":937.7193896252869},"point_estimate":844.4767474613526,"standard_error":85.48529826672811},"Slope":{"confidence_interval":{"confidence_level":0.95,"lower_bound":6679.755463262716,"upper_bound":6984.030822482931},"point_estimate":6830.320809137911,"standard_error":77.71518607300937},"StdDev":{"confidence_interval":{"confidence_level":0.95,"lower_bound":641.2870800282533,"upper_bound":1069.4356612331633},"point_estimate":847.411989060449,"standard_error":112.39030080999476}}