{"Mean":{"confidence_interval":{"confidence_level":0.95,"lower_bound":76287.66644657888,"upper_bound":78649.51074951218},"point_estimate":77321.75689813686,"standard_error":609.1749456718515},"Median":{"confidence_interval":{"confidence_level":0.95,"lower_bound":76088.37158808933,"upper_bound":76786.10273735273},"point_estimate":76271.6633572613,"standard_error":225.23623560997326},"MedianAbsDev":{"confidence_interval":{"confidence_level":0.95,"lower_bound":1250.5670223365624,"upper_bound":2601.779128374244},"point_estimate":1723.2853446479053,"standard_error":331.62234541971318},"Slope":{"confidence_interval":{"confidence_level":0.95,"lower_bound":75046.34839968286,"upper_bound":75993.30280312564},"point_estimate":75516.67323026907,"standard_error":241.71087182620685},"StdDev":{"confidence_interval":{"confidence_level":0.95,"lower_bound":2347.6026254954624,"upper_bound":9132.826662155563},"point_estimate":6129.74629943729,"standard_error":1824.2136487825654}}