{"Mean":{"confidence_interval":{"confidence_level":0.95,"lower_bound":965208.7943120845,"upper_bound":1021638.1126245571},"point_estimate":990199.3179649129,"standard_error":14478.639209356834},"Median":{"confidence_interval":{"confidence_level":0.95,"lower_bound":943958.4947368421,"upper_bound":961695.8833333333},"point_estimate":952347.377016129,"standard_error":3718.7759144145018},"MedianAbsDev":{"confidence_interval":{"confidence_level":0.95,"lower_bound":28424.98385484935,"upper_bound":48169.913469403866},"point_estimate":36809.93574290651,"standard_error":4940.426621950903},"Slope":{"confidence_interval":{"confidence_level":0.95,"lower_bound":932698.3359935135,"upper_bound":942221.1250735069},"point_estimate":937293.2967755284,"standard_error":2435.087989780459},"StdDev":{"confidence_interval":{"confidence_level":0.95,"lower_bound":62520.28203949282,"upper_bound":212603.1928218879},"point_estimate":145635.9716745175,"standard_error":38825.61169641305}}