{"Mean":{"confidence_interval":{"confidence_level":0.95,"lower_bound":1981.1373996120645,"upper_bound":2041.4184734688277},"point_estimate":2008.8663120461848,"standard_error":15.404156566491807},"Median":{"confidence_interval":{"confidence_level":0.95,"lower_bound":1936.8748988790015,"upper_bound":1992.8407051452239},"point_estimate":1966.331029700682,"standard_error":13.466553862171278},"MedianAbsDev":{"confidence_interval":{"confidence_level":0.95,"lower_bound":54.30988619965876,"upper_bound":108.75578089843931},"point_estimate":78.05201202227033,"standard_error":13.603951095187123},"Slope":{"confidence_interval":{"confidence_level":0.95,"lower_bound":1928.5260794577465,"upper_bound":1955.0396100214644},"point_estimate":1940.9197392233139,"standard_error":6.770475767726755},"StdDev":{"confidence_interval":{"confidence_level":0.95,"lower_bound":97.19973666152109,"upper_bound":214.72330677704057},"point_estimate":154.9536310161478,"standard_error":31.85191970110531}}