{"Mean":{"confidence_interval":{"confidence_level":0.95,"lower_bound":119627.61815843699,"upper_bound":123619.68057007293},"point_estimate":121494.46054987754,"standard_error":1023.3113195629495},"Median":{"confidence_interval":{"confidence_level":0.95,"lower_bound":116989.5376068376,"upper_bound":119547.2757936508},"point_estimate":117522.69655572114,"standard_error":606.7712288104833},"MedianAbsDev":{"confidence_interval":{"confidence_level":0.95,"lower_bound":3522.473607809087,"upper_bound":6638.3480922118319},"point_estimate":4547.966285863241,"standard_error":762.3923477097117},"Slope":{"confidence_interval":{"confidence_level":0.95,"lower_bound":116051.97232408801,"upper_bound":117349.67289783295},"point_estimate":116661.27425184309,"standard_error":330.1564132483306},"StdDev":{"confidence_interval":{"confidence_level":0.95,"lower_bound":7007.127187403957,"upper_bound":13690.722196556955},"point_estimate":10289.033672388958,"standard_error":1763.6384854105834}}