{"Mean":{"confidence_interval":{"confidence_level":0.95,"lower_bound":1245.1816402335956,"upper_bound":1285.9242280262729},"point_estimate":1264.069187178403,"standard_error":10.427387529400154},"Median":{"confidence_interval":{"confidence_level":0.95,"lower_bound":1216.7735705242488,"upper_bound":1242.8719166336896},"point_estimate":1230.1922726459005,"standard_error":6.743978220426353},"MedianAbsDev":{"confidence_interval":{"confidence_level":0.95,"lower_bound":30.456312679813384,"upper_bound":66.04080285918913},"point_estimate":43.61502304522718,"standard_error":9.428686163633199},"Slope":{"confidence_interval":{"confidence_level":0.95,"lower_bound":1211.590150147603,"upper_bound":1229.871613947426},"point_estimate":1220.1197335069608,"standard_error":4.670912600388682},"StdDev":{"confidence_interval":{"confidence_level":0.95,"lower_bound":68.65063304996792,"upper_bound":141.38002257271524},"point_estimate":104.51356974425792,"standard_error":19.431747025930926}}