{"Mean":{"confidence_interval":{"confidence_level":0.95,"lower_bound":540356.2445819196,"upper_bound":618576.7697149264},"point_estimate":578330.8089740861,"standard_error":20031.888908633187},"Median":{"confidence_interval":{"confidence_level":0.95,"lower_bound":497882.3333333333,"upper_bound":522200.26666666669},"point_estimate":511958.2511655012,"standard_error":8142.345591853477},"MedianAbsDev":{"confidence_interval":{"confidence_level":0.95,"lower_bound":103621.54399277739,"upper_bound":150630.75105597505},"point_estimate":133628.45757201065,"standard_error":12623.902764147491},"Slope":{"confidence_interval":{"confidence_level":0.95,"lower_bound":511576.8463821863,"upper_bound":616772.685132917},"point_estimate":560969.6813684055,"standard_error":26882.9047197113},"StdDev":{"confidence_interval":{"confidence_level":0.95,"lower_bound":171489.30247189629,"upper_bound":223062.2088169044},"point_estimate":201222.34773232827,"standard_error":13187.86476372735}}