{"Mean":{"confidence_interval":{"confidence_level":0.95,"lower_bound":152376.0958845237,"upper_bound":157625.36489721645},"point_estimate":154822.11738177169,"standard_error":1340.210144239011},"Median":{"confidence_interval":{"confidence_level":0.95,"lower_bound":148534.30555555557,"upper_bound":151965.82417582419},"point_estimate":150928.27564935067,"standard_error":934.3870787387587},"MedianAbsDev":{"confidence_interval":{"confidence_level":0.95,"lower_bound":4440.253202962057,"upper_bound":8442.265890279388},"point_estimate":6158.506043167878,"standard_error":1002.6369328561915},"Slope":{"confidence_interval":{"confidence_level":0.95,"lower_bound":148319.66029146026,"upper_bound":150497.7498996992},"point_estimate":149369.7637467542,"standard_error":556.3386346868903},"StdDev":{"confidence_interval":{"confidence_level":0.95,"lower_bound":8891.565559213335,"upper_bound":17885.064249675102},"point_estimate":13504.145249571173,"standard_error":2329.6616018862339}}