{"Mean":{"confidence_interval":{"confidence_level":0.95,"lower_bound":1877881.93822999,"upper_bound":1885572.092178257},"point_estimate":1881868.1597844444,"standard_error":1966.6378525177166},"Median":{"confidence_interval":{"confidence_level":0.95,"lower_bound":1881104.4444444446,"upper_bound":1887975.2},"point_estimate":1884113.1363636363,"standard_error":1932.2212205265194},"MedianAbsDev":{"confidence_interval":{"confidence_level":0.95,"lower_bound":10488.984878895784,"upper_bound":18370.138681557088},"point_estimate":14813.49829202918,"standard_error":2024.4226075942452},"Slope":{"confidence_interval":{"confidence_level":0.95,"lower_bound":1873325.1653906024,"upper_bound":1882645.5828358969},"point_estimate":1878361.6360750702,"standard_error":2383.6713825122558},"StdDev":{"confidence_interval":{"confidence_level":0.95,"lower_bound":15015.528035430892,"upper_bound":23931.204271115108},"point_estimate":19696.792506283757,"standard_error":2282.3457793019099}}