{"Mean":{"confidence_interval":{"confidence_level":0.95,"lower_bound":1002.8541277623299,"upper_bound":1037.225066587149},"point_estimate":1018.988293591615,"standard_error":8.773999335784073},"Median":{"confidence_interval":{"confidence_level":0.95,"lower_bound":976.6652041905779,"upper_bound":999.3407887591637},"point_estimate":986.5442171291088,"standard_error":5.95559373839031},"MedianAbsDev":{"confidence_interval":{"confidence_level":0.95,"lower_bound":25.441580977769083,"upper_bound":53.65893715689667},"point_estimate":37.81609079988847,"standard_error":7.419620577459775},"Slope":{"confidence_interval":{"confidence_level":0.95,"lower_bound":975.4782573070922,"upper_bound":990.9456532794521},"point_estimate":982.9579706868325,"standard_error":3.9522944545020226},"StdDev":{"confidence_interval":{"confidence_level":0.95,"lower_bound":62.089718076066919,"upper_bound":114.1765730179704},"point_estimate":88.18507257026696,"standard_error":13.55548720445275}}