{"Mean":{"confidence_interval":{"confidence_level":0.95,"lower_bound":1243.796000666664,"upper_bound":1281.9333802868383},"point_estimate":1261.2196210443008,"standard_error":9.73629453266771},"Median":{"confidence_interval":{"confidence_level":0.95,"lower_bound":1231.0492986484686,"upper_bound":1257.9874428440788},"point_estimate":1244.0512062344579,"standard_error":6.721236994269811},"MedianAbsDev":{"confidence_interval":{"confidence_level":0.95,"lower_bound":40.64124082887656,"upper_bound":68.29873322823964},"point_estimate":51.0499442630826,"standard_error":7.042603195745005},"Slope":{"confidence_interval":{"confidence_level":0.95,"lower_bound":1223.7316035677534,"upper_bound":1245.9287367155899},"point_estimate":1234.7190104337133,"standard_error":5.673955291090263},"StdDev":{"confidence_interval":{"confidence_level":0.95,"lower_bound":59.89614499261965,"upper_bound":137.735132932671},"point_estimate":97.58089241523577,"standard_error":21.773223956247219}}