{"Mean":{"confidence_interval":{"confidence_level":0.95,"lower_bound":118141.4013779257,"upper_bound":121604.44131777309},"point_estimate":119734.24424041773,"standard_error":888.7642039935507},"Median":{"confidence_interval":{"confidence_level":0.95,"lower_bound":116290.94793191538,"upper_bound":118802.11428571429},"point_estimate":117171.56487416904,"standard_error":518.5728803586908},"MedianAbsDev":{"confidence_interval":{"confidence_level":0.95,"lower_bound":2939.0199504381487,"upper_bound":5051.700624427989},"point_estimate":3919.5924012240095,"standard_error":557.9171111051522},"Slope":{"confidence_interval":{"confidence_level":0.95,"lower_bound":115984.54365630125,"upper_bound":117682.10418964457},"point_estimate":116812.91162668506,"standard_error":432.84546687301107},"StdDev":{"confidence_interval":{"confidence_level":0.95,"lower_bound":5231.331228589598,"upper_bound":12288.56805306914},"point_estimate":8951.10507926353,"standard_error":1826.3798628443765}}