{"Mean":{"confidence_interval":{"confidence_level":0.95,"lower_bound":261006.3924505769,"upper_bound":265054.4179363111},"point_estimate":262915.18827127819,"standard_error":1034.1097652626207},"Median":{"confidence_interval":{"confidence_level":0.95,"lower_bound":258881.58765360985,"upper_bound":261576.36513157897},"point_estimate":260205.12445226918,"standard_error":749.7693237861238},"MedianAbsDev":{"confidence_interval":{"confidence_level":0.95,"lower_bound":3094.1418596134715,"upper_bound":5596.420317498106},"point_estimate":4433.963374121346,"standard_error":637.6225164158401},"Slope":{"confidence_interval":{"confidence_level":0.95,"lower_bound":258279.570534807,"upper_bound":259974.69327353396},"point_estimate":259103.76054455446,"standard_error":432.2630202063619},"StdDev":{"confidence_interval":{"confidence_level":0.95,"lower_bound":7067.401987163364,"upper_bound":13014.372113383684},"point_estimate":10342.497190352351,"standard_error":1518.9713268677325}}