{"Mean":{"confidence_interval":{"confidence_level":0.95,"lower_bound":243089.19651682574,"upper_bound":248152.78624632007},"point_estimate":245450.29110414285,"standard_error":1289.9310271865173},"Median":{"confidence_interval":{"confidence_level":0.95,"lower_bound":241243.13548387099,"upper_bound":244111.30169491526},"point_estimate":242306.20724763978,"standard_error":731.7385327782594},"MedianAbsDev":{"confidence_interval":{"confidence_level":0.95,"lower_bound":5126.448042767165,"upper_bound":7767.550553600214},"point_estimate":6364.00022166569,"standard_error":662.4965451083446},"Slope":{"confidence_interval":{"confidence_level":0.95,"lower_bound":240450.30727676326,"upper_bound":243267.89299445589},"point_estimate":241881.6882110241,"standard_error":716.9344655332421},"StdDev":{"confidence_interval":{"confidence_level":0.95,"lower_bound":8524.207197639998,"upper_bound":16832.812696454814},"point_estimate":12969.178123611722,"standard_error":2123.3963679493256}}